X,Y,Z
-3.143062158,-1.623226259,-71.299
-2.795888,-1.620297,-71.299
-2.588811,-1.53942,-71.299
-2.478405,-1.46112,-71.299
-2.295006,-1.373412,-71.299
-2.168727,-1.339576,-71.299
-1.941119,-1.328182,-71.299
-1.766863,-1.348706,-71.299
-1.566119,-1.428662,-71.299
-1.425471,-1.533565,-71.299
-1.338733,-1.63138,-71.299
-1.226685,-1.800554,-71.299
-1.164016,-1.923504,-71.299
-1.119302,-2.046354,-71.299
-1.096601,-2.175101,-71.299
-1.105141,-2.403162,-71.299
-1.138977,-2.529441,-71.299
-1.194228,-2.647926,-71.299
-1.269213,-2.755016,-71.299
-1.394113,-2.879916,-71.299
-1.501204,-2.954902,-71.299
-1.684604,-3.04261,-71.299
-1.85537,-3.082922,-71.299
-2.334339,-3.087513,-71.299
-2.569431,-3.147837,-71.299
-2.700116,-3.151407,-71.299
-2.87371,-3.120297,-71.299
-3.109583,-3.120297,-71.299
-3.222656,-3.101953,-71.299
-3.457031,-3.001186,-71.299
-3.534459,-2.947656,-71.299
-3.768562007,-2.725008173,-71.299
-3.814352,-2.626813,-71.299
-3.848188,-2.500534,-71.299
-3.856852359,-2.40150635,-71.299
-3.777856,-2.244531,-71.299
-3.691406,-2.162134,-71.299
-3.457031,-2.013014,-71.299
-3.213155,-1.775781,-71.299
-3.143062158,-1.623226259,-71.299
-5.063118,-3.59422,-70.999
-4.565041,-4.092904,-70.999
-4.463118,-4.09422,-70.999
-4.365041,-4.192297,-70.999
-4.163256,-4.19422,-70.999
-4.065041,-4.292435,-70.999
-3.691406,-4.296045,-70.999
-3.457031,-4.31875,-70.999
-3.222656,-4.276492,-70.999
-2.988281,-4.184886,-70.999
-2.753906,-4.13418,-70.999
-2.443704,-4.119531,-70.999
-2.050781,-4.021875,-70.999
-1.816406,-3.992712,-70.999
-1.582031,-3.953794,-70.999
-1.40408,-3.885156,-70.999
-1.113281,-3.750254,-70.999
-0.8789063,-3.619072,-70.999
-0.6445313,-3.497748,-70.999
-0.538161,-3.416406,-70.999
-0.4101563,-3.286401,-70.999
-0.3245192,-3.182031,-70.999
-0.2383883,-2.947656,-70.999
-0.193201,-2.713281,-70.999
-0.1301398,-2.478906,-70.999
-0.123291,-2.244531,-70.999
-0.1413893,-2.010156,-70.999
-0.2316707,-1.775781,-70.999
-0.3099301,-1.541406,-70.999
-0.4921875,-1.307031,-70.999
-0.446936506,-1.213991838,-70.999
-0.614094,-1.127157,-70.999
-0.8650414,-0.8955023,-70.999
-0.966512,-0.8942203,-70.999
-1.065041,-0.7956908,-70.999
-1.170041,-0.7942203,-70.999
-1.265041,-0.6992202,-70.999
-1.568375,-0.6942203,-70.999
-1.665042,-0.5975535,-70.999
-2.565042,-0.5949894,-70.999
-2.844443303,-0.597169808,-70.999
-2.934057,-0.7169775,-70.999
-3.037727,-0.7872885,-70.999
-3.215678,-0.8879908,-70.999
-3.292759,-0.9092661,-70.999
-3.45846,-1.072656,-70.999
-3.691406,-1.335848,-70.999
-3.863174,-1.541406,-70.999
-4.046094,-1.775781,-70.999
-4.160156,-1.907392,-70.999
-4.380834,-2.244531,-70.999
-4.412761,-2.478906,-70.999
-4.315962,-2.713281,-70.999
-4.117914,-2.947656,-70.999
-4.160156,-3.038477,-70.999
-4.394531,-3.118723,-70.999
-4.775391,-3.182031,-70.999
-4.863281,-3.210383,-70.999
-5.104827935,-3.350862065,-70.999
-5.065041,-3.390649,-70.999
-5.063118,-3.59422,-70.999
0.4865965310597867,-0.462819613,-70.699
0.05859375,-0.571946,-70.699
-0.07964823,-0.6651932,-70.699
-0.1577815,-0.7583087,-70.699
-0.1993553,-0.8725319,-70.699
-0.2046726,-0.9786245,-70.699
-0.183565,-1.098332,-70.699
-0.1227881,-1.2036,-70.699
-0.02967256,-1.281733,-70.699
0.1005026,-1.324703,-70.699
0.1917614,-1.541406,-70.699
0.3366477,-1.775781,-70.699
0.355535,-2.010156,-70.699
0.3575212,-2.478906,-70.699
0.3442383,-2.713281,-70.699
0.207648,-2.947656,-70.699
0.1652238,-3.182031,-70.699
0.02858232,-3.416406,-70.699
-0.2057927,-3.650781,-70.699
-0.4101563,-3.845639,-70.699
-0.6445313,-3.987695,-70.699
-0.8789063,-4.201672,-70.699
-1.113281,-4.369627,-70.699
-1.347656,-4.473284,-70.699
-1.582031,-4.509007,-70.699
-1.816406,-4.43839,-70.699
-2.050781,-4.356765,-70.699
-2.285156,-4.325301,-70.699
-2.519531,-4.30593,-70.699
-2.753906,-4.268143,-70.699
-2.988281,-4.246334,-70.699
-3.222656,-4.286645,-70.699
-3.457031,-4.300314,-70.699
-3.691406,-4.258841,-70.699
-3.925781,-4.285258,-70.699
-4.160156,-4.403819,-70.699
-4.394531,-4.474023,-70.699
-4.628906,-4.553465,-70.699
-4.863281,-4.53318,-70.699
-5.097656,-4.483065,-70.699
-5.332031,-4.394501,-70.699
-5.690918,-4.119531,-70.699
-5.845472,-3.885156,-70.699
-5.895774,-3.650781,-70.699
-5.869306,-3.416406,-70.699
-5.800781,-3.323465,-70.699
-5.668473,-3.182031,-70.699
-5.566406,-3.089874,-70.699
-5.332031,-2.908257,-70.699
-5.097656,-2.864576,-70.699
-4.863281,-2.809464,-70.699
-4.761328,-2.713281,-70.699
-4.784007,-2.478906,-70.699
-4.750033,-2.244531,-70.699
-4.671805,-2.010156,-70.699
-4.497311,-1.775781,-70.699
-4.394531,-1.615024,-70.699
-4.332787,-1.541406,-70.699
-4.09992,-1.307031,-70.699
-3.972886,-1.072656,-70.699
-3.925781,-1.026897,-70.699
-3.691406,-0.8934946,-70.699
-3.652375,-0.8528085,-70.699
-3.473521,-0.8317009,-70.699
-3.368252,-0.770924,-70.699
-3.290119,-0.6778084,-70.699
-3.248545,-0.5635853,-70.699
-3.264335,-0.3831014,-70.699
-3.325112,-0.2778328,-70.699
-3.417091,-0.2004954,-70.699
-3.329504,-0.1351563,-70.699
-3.457031,-0.04606164,-70.699
-3.925781,0.1869493,-70.699
-4.160156,0.2238467,-70.699
-4.394531,0.2710458,-70.699
-4.544573836, 0.3405963443271972,-70.699
-3.875716,0.499493,-70.699
-3.62237,0.5441389,-70.699
-3.499477,0.5754066,-70.699
-3.337191,0.5263173,-70.699
-2.973223,0.460213,-70.699
-2.886894,0.4555325,-70.699
-2.556739,0.3988345,-70.699
-2.329977,0.3132775,-70.699
-2.133746,0.2789042,-70.699
-1.778202,0.1834482,-70.699
-1.531816,0.1335479,-70.699
-1.254808,0.1279595,-70.699
-1.142328,0.1010906,-70.699
-0.8320064,0.09529763,-70.699
-0.7203831,0.06863328,-70.699
-0.2113679,0.06052055,-70.699
0.014557980000000002,-0.06815246,-70.699
0.21207769999999998,-0.2495584,-70.699
0.4865965310597867,-0.462819613,-70.699
-3.672706,-0.1351563,-70.399
-3.909745,-0.2369897,-70.399
-3.856567,-0.3051505,-70.399
-3.814993,-0.4193737,-70.399
-3.814993,-0.5409274,-70.399
-3.856567,-0.6551505,-70.399
-3.9347,-0.7482661,-70.399
-4.093675,-0.8382813,-70.399
-4.394531,-1.133854,-70.399
-4.628906,-1.428214,-70.399
-4.736013,-1.541406,-70.399
-4.885326,-1.775781,-70.399
-4.992956,-2.010156,-70.399
-5.132496,-2.244531,-70.399
-5.150337,-2.478906,-70.399
-5.332031,-2.632431,-70.399
-5.536535,-2.713281,-70.399
-5.800781,-2.854507,-70.399
-5.898089,-2.947656,-70.399
-6.100822,-3.182031,-70.399
-6.169739,-3.416406,-70.399
-6.175253,-3.650781,-70.399
-6.115385,-3.885156,-70.399
-5.953213,-4.119531,-70.399
-5.800781,-4.256514,-70.399
-5.566406,-4.389063,-70.399
-5.332031,-4.442946,-70.399
-5.097656,-4.477739,-70.399
-4.863281,-4.49006,-70.399
-4.628906,-4.475504,-70.399
-4.394531,-4.444188,-70.399
-4.160156,-4.370158,-70.399
-3.925781,-4.26524,-70.399
-3.691406,-4.24569,-70.399
-3.457031,-4.289555,-70.399
-2.988281,-4.300103,-70.399
-2.763158,-4.353906,-70.399
-2.519531,-4.423568,-70.399
-2.285156,-4.458141,-70.399
-2.050781,-4.512946,-70.399
-1.950768,-4.588281,-70.399
-1.816406,-4.711979,-70.399
-1.582031,-4.841998,-70.399
-1.347656,-4.91227,-70.399
-1.113281,-4.869314,-70.399
-0.8789063,-4.67071,-70.399
-0.7456656,-4.588281,-70.399
-0.4101563,-4.308333,-70.399
-0.1757813,-4.169922,-70.399
-0.1204069,-4.119531,-70.399
0.08175873,-3.885156,-70.399
0.24047849999999998,-3.650781,-70.399
0.4328377,-3.416406,-70.399
0.5519531,-3.182031,-70.399
0.643521,-2.947656,-70.399
0.6689453000000001,-2.713281,-70.399
0.777107,-2.478906,-70.399
0.788405,-2.010156,-70.399
0.6955832,-1.775781,-70.399
0.6140137,-1.307031,-70.399
0.4889754,-1.2036,-70.399
0.4281986,-1.098332,-70.399
0.407091,-0.9786245,-70.399
0.41240829999999995,-0.8951898,-70.399
0.4539821,-0.7809666,-70.399
0.5321153,-0.6878511,-70.399
0.7047991,-0.6039063,-70.399
0.869489463,-0.565489666,-70.399
0.7349586,-0.456937,-70.399
0.6349586,-0.4092202,-70.399
0.3349585,-0.2175122,-70.399
0.1349585,-0.07390773,-70.399
0.034958539999999996,-0.03465086,-70.399
-0.1650415,0.07083079,-70.399
-0.3650415,0.0955685,-70.399
-0.4650414,0.1218982,-70.399
-0.9650414,0.1875105,-70.399
-1.265041,0.2515298,-70.399
-1.565041, 0.28258700000000003,-70.399
-1.865042,0.3423959,-70.399
-2.365042, 0.38352369999999997,-70.399
-2.565042,0.4224464,-70.399
-2.865042, 0.43033599999999994,-70.399
-3.065042,0.4106305,-70.399
-3.265041, 0.40770280000000003,-70.399
-3.465041,0.4166189,-70.399
-3.865041, 0.32020930000000003,-70.399
-3.965041,0.2749414,-70.399
-4.115533521, 0.23814135726045757,-70.399
-3.925781,0.1565658,-70.399
-3.848772,0.09921875,-70.399
-3.672706,-0.1351563,-70.399
-6.328553,-3.885156,-70.099
-6.035156,-4.185698,-70.099
-5.800781,-4.304444,-70.099
-5.566406,-4.390382,-70.099
-5.332031,-4.382193,-70.099
-5.097656,-4.411786,-70.099
-4.863281,-4.415016,-70.099
-4.628906,-4.404443,-70.099
-4.160156,-4.304525,-70.099
-3.925781,-4.259792,-70.099
-3.691406,-4.25182,-70.099
-3.222656,-4.382193,-70.099
-2.753906,-4.439079,-70.099
-2.519531,-4.47795,-70.099
-2.285156,-4.559422,-70.099
-2.234272,-4.588281,-70.099
-2.050781,-4.735074,-70.099
-1.978431,-4.822656,-70.099
-1.975661,-5.057031,-70.099
-2.050781,-5.174219,-70.099
-2.104048,-5.291406,-70.099
-2.050781,-5.35,-70.099
-1.888021,-5.291406,-70.099
-1.816406,-5.251123,-70.099
-1.347656,-5.216832,-70.099
-1.113281,-5.138986,-70.099
-0.9691541,-5.057031,-70.099
-0.8789063,-4.986928,-70.099
-0.6445313,-4.864509,-70.099
-0.4101563,-4.663681,-70.099
-0.2804688,-4.588281,-70.099
0.05396793,-4.353906,-70.099
0.2997037,-4.119531,-70.099
0.4993785,-3.885156,-70.099
0.6363281,-3.650781,-70.099
0.7931858,-3.416406,-70.099
0.91838,-3.182031,-70.099
1.026933,-2.947656,-70.099
1.089618,-2.713281,-70.099
1.105129,-2.478906,-70.099
1.103754,-1.775781,-70.099
1.085844,-1.552415,-70.099
1.010629,-1.415973,-70.099
0.9774599,-1.227861,-70.099
1.010629,-1.03975,-70.099
1.1061349999999999,-0.8743283,-70.099
1.25246,-0.7515476,-70.099
1.3677709999999998,-0.7034149,-70.099
1.4007953612164405,-0.665775215,-70.099
1.234959,-0.5683337,-70.099
1.1349589999999998,-0.5233298,-70.099
1.034959,-0.4512266,-70.099
0.8349586,-0.3489955,-70.099
0.7349586,-0.3097831,-70.099
0.5349586000000001,-0.2074855,-70.099
0.43495860000000003,-0.1450097,-70.099
0.2349585,-0.05064881,-70.099
0.034958539999999996, 0.027076060000000002,-70.099
-0.2650415, 0.12508360000000002,-70.099
-0.5650414, 0.18400060000000001,-70.099
-0.6650414, 0.22803589999999999,-70.099
-0.8650414,0.2620298,-70.099
-1.065041,0.328507,-70.099
-1.165041,0.3457307,-70.099
-1.465041,0.4353378,-70.099
-1.565041,0.444785,-70.099
-2.065042,0.4664078,-70.099
-2.265042,0.4599272,-70.099
-2.665042,0.4368608,-70.099
-2.765042,0.4196311,-70.099
-2.965042,0.3596086,-70.099
-3.165042,0.3207798,-70.099
-3.265041, 0.29077980000000003,-70.099
-3.565041,0.2419676,-70.099
-3.865041,0.1213427,-70.099
-3.965041,0.06966865,-70.099
-4.14577873,-0.001613691,-70.099
-4.183594,-0.1351563,-70.099
-4.394531,-0.3092309,-70.099
-4.507675,-0.4302788,-70.099
-4.493334,-0.5481243,-70.099
-4.50169,-0.6436307,-70.099
-4.564209,-0.8382813,-70.099
-4.628906,-0.9282948,-70.099
-4.706726,-1.072656,-70.099
-4.870117,-1.307031,-70.099
-5.097656,-1.56804,-70.099
-5.332031,-2.027989,-70.099
-5.403181,-2.244531,-70.099
-5.545537,-2.478906,-70.099
-5.800781,-2.613596,-70.099
-5.959045,-2.713281,-70.099
-6.035156,-2.778616,-70.099
-6.199825,-2.947656,-70.099
-6.355136,-3.182031,-70.099
-6.408098,-3.416406,-70.099
-6.411265,-3.650781,-70.099
-6.328553,-3.885156,-70.099
-2.553243,-5.525781,-69.799
-2.285156,-5.647852,-69.799
-2.050781,-5.837969,-69.799
-1.816406,-5.868913,-69.799
-1.582031,-5.868913,-69.799
-1.347656,-5.837328,-69.799
-1.183998,-5.760156,-69.799
-1.113281,-5.682768,-69.799
-0.8789063,-5.473948,-69.799
-0.7757303,-5.291406,-69.799
-0.6445313,-5.180669,-69.799
-0.5197483,-5.057031,-69.799
-0.4101563,-4.966681,-69.799
0.05859375,-4.680107,-69.799
0.4466392,-4.353906,-69.799
0.6774600000000001,-4.119531,-69.799
0.8779296999999999,-3.885156,-69.799
1.0046680000000001,-3.650781,-69.799
1.121712,-3.416406,-69.799
1.291574,-3.182031,-69.799
1.383281,-2.947656,-69.799
1.41462,-2.713281,-69.799
1.40439,-2.478906,-69.799
1.378191,-2.244531,-69.799
1.367188,-2.010156,-69.799
1.3909369999999999,-1.655366,-69.799
1.345491,-1.557907,-69.799
1.313911,-1.440047,-69.799
1.3032759999999999,-1.318493,-69.799
1.313911,-1.196939,-69.799
1.345491,-1.079079,-69.799
1.397058,-0.9684932,-69.799
1.4670450000000002,-0.8685418,-69.799
1.553325,-0.7822621,-69.799
1.653276,-0.7122754,-69.799
1.763862,-0.6607083,-69.799
1.9440719999999998,-0.6236729,-69.799
1.9871215785924312,-0.591813466,-69.799
1.8988150000000001,-0.5552359,-69.799
1.463549,-0.3996167,-69.799
1.220698,-0.3282944,-69.799
1.0549250000000001,-0.26312,-69.799
0.6912279,-0.1504059,-69.799
0.5265057,-0.05702497,-69.799
0.4021668,-0.01663775,-69.799
0.004378464,0.07515957,-69.799
-0.1230972, 0.11453850000000002,-69.799
-0.3302108,0.1605637,-69.799
-0.5810545, 0.28191160000000004,-69.799
-0.8369925,0.3500802,-69.799
-0.9215717,0.3919374,-69.799
-1.10155,0.4486769,-69.799
-1.295116,0.5415702,-69.799
-1.421395,0.5754066,-69.799
-1.551631,0.5868008,-69.799
-2.116048,0.578688,-69.799
-2.34969, 0.5232159000000001,-69.799
-2.500314,0.4626101,-69.799
-2.687008,0.4314158,-69.799
-2.809857,0.3867023,-69.799
-3.078385, 0.24809160000000002,-69.799
-3.226038,0.1986426,-69.799
-3.62899, 0.041916880000000004,-69.799
-3.767912,-0.05772831,-69.799
-3.899395,-0.1090681,-69.799
-4.038721,-0.1862267,-69.799
-4.296016,-0.2926561,-69.799
-4.474904,-0.3968226,-69.799
-4.654692,-0.4417695,-69.799
-4.857922772,-0.519808351,-69.799
-4.956055,-0.6039063,-69.799
-4.885882,-0.8382813,-69.799
-4.97281,-1.072656,-69.799
-5.158835,-1.307031,-69.799
-5.332031,-1.546032,-69.799
-5.437855,-1.775781,-69.799
-5.517649,-2.010156,-69.799
-5.619753,-2.244531,-69.799
-5.800781,-2.415361,-69.799
-6.183894,-2.713281,-69.799
-6.269531,-2.795747,-69.799
-6.400154,-2.947656,-69.799
-6.523297,-3.182031,-69.799
-6.573183,-3.416406,-69.799
-6.580171,-3.650781,-69.799
-6.520158,-3.885156,-69.799
-6.335614,-4.119531,-69.799
-6.269531,-4.186115,-69.799
-6.035156,-4.354822,-69.799
-5.800781,-4.442685,-69.799
-5.566406,-4.397945,-69.799
-5.332031,-4.275554,-69.799
-5.097656,-4.319859,-69.799
-4.863281,-4.406919,-69.799
-4.628906,-4.361896,-69.799
-4.394531,-4.290543,-69.799
-4.160156,-4.283462,-69.799
-3.925781,-4.321221,-69.799
-3.841489,-4.353906,-69.799
-3.535867,-4.588281,-69.799
-3.267578,-4.822656,-69.799
-3.169556,-5.057031,-69.799
-2.988281,-5.200261,-69.799
-2.753906,-5.237638,-69.799
-2.680192,-5.291406,-69.799
-2.553243,-5.525781,-69.799
-5.205622211,-0.719807762,-69.499
-5.199799,-0.8382813,-69.499
-5.231216,-1.072656,-69.499
-5.375977,-1.307031,-69.499
-5.5976,-1.775781,-69.499
-5.66476,-2.010156,-69.499
-5.773967,-2.244531,-69.499
-5.800781,-2.270255,-69.499
-6.035156,-2.417871,-69.499
-6.094542,-2.478906,-69.499
-6.357042,-2.713281,-69.499
-6.510168,-2.947656,-69.499
-6.593655,-3.182031,-69.499
-6.630859,-3.650781,-69.499
-6.604272,-3.885156,-69.499
-6.503906,-4.094922,-69.499
-6.280185,-4.353906,-69.499
-6.035156,-4.574918,-69.499
-5.800781,-4.640454,-69.499
-5.566406,-4.486022,-69.499
-5.332031,-4.492998,-69.499
-5.223571,-4.588281,-69.499
-5.138021,-4.822656,-69.499
-5.095313,-5.057031,-69.499
-4.863281,-5.157045,-69.499
-4.628906,-5.240989,-69.499
-4.394531,-5.466584,-69.499
-4.301915,-5.525781,-69.499
-4.160156,-5.586816,-69.499
-3.925781,-5.631092,-69.499
-3.691406,-5.6389,-69.499
-3.222656,-5.664771,-69.499
-2.988281,-5.683533,-69.499
-2.753906,-5.838589,-69.499
-2.519531,-5.879055,-69.499
-2.285156,-6.059212,-69.499
-2.050781,-6.09877,-69.499
-1.816406,-6.108569,-69.499
-1.582031,-6.104636,-69.499
-1.347656,-6.08736,-69.499
-1.113281,-6.022554,-69.499
-0.8789063,-5.864237,-69.499
-0.703125,-5.760156,-69.499
-0.4668599,-5.525781,-69.499
-0.3174716,-5.291406,-69.499
-0.1757813,-5.163653,-69.499
0.05859375,-4.996795,-69.499
0.5261102,-4.588281,-69.499
0.7719584,-4.353906,-69.499
1.00157,-4.119531,-69.499
1.162336,-3.885156,-69.499
1.290865,-3.650781,-69.499
1.395639,-3.416406,-69.499
1.563251,-3.182031,-69.499
1.6579149999999998,-2.947656,-69.499
1.717031,-2.713281,-69.499
1.707793,-2.478906,-69.499
1.611951,-2.244531,-69.499
1.582764,-2.010156,-69.499
1.607541,-1.775781,-69.499
1.717837,-1.553897,-69.499
1.721753,-1.355545,-69.499
1.753333,-1.237684,-69.499
1.8049009999999999,-1.127099,-69.499
1.874887,-1.027147,-69.499
1.961167,-0.9408674,-69.499
2.067733096933678,-0.874456279,-69.499
1.8349579999999999,-0.7511385,-69.499
1.634958,-0.6540362,-69.499
1.534959,-0.6211899,-69.499
1.4349589999999999,-0.5621393,-69.499
1.234959,-0.4997758,-69.499
0.9349586000000001,-0.3546914,-69.499
0.8349586,-0.3295926,-69.499
0.7349586,-0.2754304,-69.499
0.6349586,-0.2456981,-69.499
0.5349586000000001,-0.1775536,-69.499
0.3349585,-0.08661154,-69.499
0.1349585,-0.02136309,-69.499
-0.2650415,0.1364863,-69.499
-0.3650415,0.1607367,-69.499
-0.7650414,0.3280359,-69.499
-0.9650414, 0.39310849999999997,-69.499
-1.065041, 0.44477500000000003,-69.499
-1.165041, 0.47545190000000004,-69.499
-1.265041, 0.5345506999999999,-69.499
-1.365041,0.5557797,-69.499
-1.565041,0.5770088,-69.499
-2.065042,0.5667846,-69.499
-2.365042,0.5349464,-69.499
-2.465042, 0.49556849999999997,-69.499
-2.765042, 0.44702400000000003,-69.499
-3.165042,0.2807798,-69.499
-3.365041, 0.22988689999999998,-69.499
-3.465041,0.1766131,-69.499
-3.565041,0.1453429,-69.499
-3.765041, 0.037231379999999994,-69.499
-3.865041,-0.02849859,-69.499
-3.965041,-0.06966403,-69.499
-4.565041,-0.4024936,-69.499
-4.765041,-0.4833811,-69.499
-5.205622211,-0.719807762,-69.499
2.123241992387109,-1.187012645,-69.199
1.8349579999999999,-0.9753846,-69.199
1.734958,-0.9323612,-69.199
1.534959,-0.8222848,-69.199
1.4349589999999999,-0.7539261,-69.199
1.334959,-0.7227479,-69.199
1.234959,-0.6588754,-69.199
1.1349589999999998,-0.6230081,-69.199
1.034959,-0.5526001,-69.199
0.8349586,-0.4535287,-69.199
0.7349586,-0.4164763,-69.199
0.43495860000000003,-0.2412052,-69.199
0.2349585,-0.1358869,-69.199
0.1349585,-0.07196414,-69.199
0.034958539999999996,-0.03811695,-69.199
-0.1650415,0.07184194,-69.199
-0.3650415,0.1508229,-69.199
-0.4650414, 0.17822290000000002,-69.199
-0.8650414,0.3537343,-69.199
-0.9650414, 0.38400059999999997,-69.199
-1.065041,0.4453532,-69.199
-1.265041,0.5337459,-69.199
-1.565041,0.5762218,-69.199
-1.865042,0.5754519,-69.199
-2.365042,0.5438866,-69.199
-2.565042,0.5207798,-69.199
-2.965042,0.428507,-69.199
-3.065042,0.3807798,-69.199
-3.265041,0.3289725,-69.199
-3.365041,0.2816726,-69.199
-3.565041,0.2250836,-69.199
-3.778241, 0.10577980000000001,-69.199
-3.965041,-0.01453274,-69.199
-4.065041,-0.05755357,-69.199
-4.273888,-0.1942202,-69.199
-4.565041,-0.369664,-69.199
-4.665041,-0.4382106,-69.199
-4.865041,-0.5548347,-69.199
-5.165041,-0.7646622,-69.199
-5.454705082,-0.975842526,-69.199
-5.46503,-1.072656,-69.199
-5.631592,-1.541406,-69.199
-5.674628,-1.775781,-69.199
-5.751139,-2.010156,-69.199
-5.94769,-2.244531,-69.199
-6.035156,-2.326642,-69.199
-6.17081,-2.478906,-69.199
-6.395576,-2.713281,-69.199
-6.554951,-2.947656,-69.199
-6.604125,-3.182031,-69.199
-6.629019,-3.416406,-69.199
-6.64202,-3.650781,-69.199
-6.615592,-3.885156,-69.199
-6.559342,-4.119531,-69.199
-6.383189,-4.353906,-69.199
-6.122887,-4.588281,-69.199
-6.035156,-4.682721,-69.199
-5.718384,-4.822656,-69.199
-5.566406,-4.918959,-69.199
-5.438468,-5.057031,-69.199
-5.332031,-5.132366,-69.199
-5.097656,-5.223438,-69.199
-4.863281,-5.371624,-69.199
-4.628906,-5.474314,-69.199
-4.394531,-5.632749,-69.199
-4.160156,-5.723641,-69.199
-3.925781,-5.805302,-69.199
-3.691406,-5.864648,-69.199
-3.457031,-5.960204,-69.199
-3.222656,-6.013687,-69.199
-2.988281,-6.093052,-69.199
-2.753906,-6.128048,-69.199
-2.519531,-6.148118,-69.199
-2.285156,-6.188408,-69.199
-1.816406,-6.237211,-69.199
-1.582031,-6.233484,-69.199
-1.347656,-6.185775,-69.199
-0.8789063,-6.070242,-69.199
-0.657979,-5.994531,-69.199
-0.4101563,-5.821585,-69.199
-0.1270395,-5.525781,-69.199
0.061848959999999994,-5.291406,-69.199
0.29296880000000003,-5.066533,-69.199
0.5273437999999999,-4.883594,-69.199
0.8344884,-4.588281,-69.199
1.055633,-4.353906,-69.199
1.2616559999999999,-4.119531,-69.199
1.3767390000000002,-3.885156,-69.199
1.6337050000000002,-3.416406,-69.199
1.769217,-3.182031,-69.199
1.8390630000000001,-2.947656,-69.199
1.883745,-2.713281,-69.199
1.878498,-2.478906,-69.199
1.8140630000000002,-2.010156,-69.199
1.798096,-1.775781,-69.199
1.9262039999999998,-1.541406,-69.199
1.9709790000000003,-1.514277,-69.199
2.002571,-1.39629,-69.199
2.054138,-1.285704,-69.199
2.123241992387109,-1.187012645,-69.199
1.957526,-1.775781,-68.899
2.000257,-2.010156,-68.899
2.0528020000000002,-2.478906,-68.899
2.052136,-2.713281,-68.899
2.020271,-2.947656,-68.899
1.933594,-3.163074,-68.899
1.8107929999999999,-3.416406,-68.899
1.7095310000000001,-3.650781,-68.899
1.58522,-3.885156,-68.899
1.464844,-4.077497,-68.899
1.271881,-4.353906,-68.899
1.053647,-4.588281,-68.899
0.9960938,-4.664869,-68.899
0.8442826,-4.822656,-68.899
0.5273437999999999,-5.100977,-68.899
0.27698860000000003,-5.291406,-68.899
0.10098069999999999,-5.525781,-68.899
-0.1757813,-5.812688,-68.899
-0.4333212,-5.994531,-68.899
-0.6445313,-6.086735,-68.899
-0.8789063,-6.139215,-68.899
-1.113281,-6.236896,-68.899
-1.582031,-6.361475,-68.899
-1.927584,-6.463281,-68.899
-2.050781,-6.522598,-68.899
-2.285156,-6.569693,-68.899
-2.519531,-6.572569,-68.899
-2.988281,-6.449992,-68.899
-3.222656,-6.350467,-68.899
-3.457031,-6.299551,-68.899
-3.648588,-6.228906,-68.899
-3.925781,-6.091872,-68.899
-4.160156,-5.900595,-68.899
-4.311398,-5.760156,-68.899
-4.628906,-5.49503,-68.899
-4.863281,-5.381401,-68.899
-5.097656,-5.230233,-68.899
-5.332031,-5.16495,-68.899
-5.566406,-5.075396,-68.899
-5.800781,-4.889513,-68.899
-6.035156,-4.680993,-68.899
-6.116991,-4.588281,-68.899
-6.363726,-4.353906,-68.899
-6.506631,-4.119531,-68.899
-6.585083,-3.885156,-68.899
-6.602801,-3.650781,-68.899
-6.600248,-3.416406,-68.899
-6.584246,-3.182031,-68.899
-6.513599,-2.947656,-68.899
-6.388043,-2.713281,-68.899
-6.188833,-2.478906,-68.899
-6.041615,-2.244531,-68.899
-5.861108,-2.010156,-68.899
-5.723792,-1.775781,-68.899
-5.704312,-1.541406,-68.899
-5.71839445,-1.457383442,-68.899
-5.55965,-1.238694,-68.899
-5.230322,-0.8987049,-68.899
-5.087317,-0.7881577,-68.899
-4.889966,-0.5948431,-68.899
-4.646383,-0.4161744,-68.899
-4.565393,-0.3351845,-68.899
-4.391847,-0.2265531,-68.899
-4.188911,-0.06815246,-68.899
-3.996767, 0.053218560000000005,-68.899
-3.921523,0.0845914,-68.899
-3.776698,0.1942039,-68.899
-3.573211, 0.29639859999999996,-68.899
-3.449371,0.3382921,-68.899
-3.031294,0.4583013,-68.899
-2.817873,0.5104919,-68.899
-2.623129,0.5429492,-68.899
-2.105725,0.5525027,-68.899
-1.928995,0.5849405,-68.899
-1.518721,0.5839468,-68.899
-1.197744,0.5091129,-68.899
-1.079259, 0.45386249999999995,-68.899
-1.00214,0.3977592,-68.899
-0.85919,0.3453345,-68.899
-0.5716985,0.2012766,-68.899
-0.3213959, 0.11962500000000001,-68.899
-0.202911,0.06437454,-68.899
-0.06007166,-0.03799601,-68.899
0.22323430000000002,-0.2079766,-68.899
0.3215709,-0.3012836,-68.899
0.4844779,-0.3812058,-68.899
0.6602739,-0.5117694,-68.899
0.8141379000000001,-0.5911714,-68.899
1.020735,-0.717299,-68.899
1.141253,-0.8009448,-68.899
1.3874980000000001,-0.9418026,-68.899
1.570936,-1.080701,-68.899
1.7997109999999998,-1.204159,-68.899
1.899859,-1.288193,-68.899
2.094603,-1.482937,-68.899
2.093633,-1.541406,-68.899
1.957526,-1.775781,-68.899
-1.347656,-6.45823,-68.599
-0.8789063,-6.274657,-68.599
-0.6445313,-6.128188,-68.599
-0.4101563,-6.049552,-68.599
-0.1757813,-5.883139,-68.599
-0.01590402,-5.760156,-68.599
0.05859375,-5.688227,-68.599
0.5273437999999999,-5.267194,-68.599
0.7617187999999999,-5.095807,-68.599
1.031799,-4.822656,-68.599
1.249695,-4.588281,-68.599
1.422476,-4.353906,-68.599
1.613074,-4.119531,-68.599
1.770919,-3.885156,-68.599
1.8487079999999998,-3.650781,-68.599
1.986645,-3.416406,-68.599
2.071254,-3.182031,-68.599
2.1457740000000003,-2.947656,-68.599
2.192418,-2.713281,-68.599
2.190897,-2.478906,-68.599
2.1612999999999998,-2.244531,-68.599
2.14363,-2.010156,-68.599
2.11447,-1.775781,-68.599
2.202076,-1.541406,-68.599
2.3333810028909476,-1.414814651,-68.599
2.234958,-1.298676,-68.599
2.029566,-1.09422,-68.599
1.8349579999999999,-0.9295861,-68.599
1.634958,-0.7798724,-68.599
1.363852,-0.6098536,-68.599
1.301511,-0.5083926,-68.599
1.246045,-0.452927,-68.599
1.142627,-0.3896732,-68.599
0.9805807,-0.2337623,-68.599
0.8310316999999999,-0.1550732,-68.599
0.6992997,-0.02334121,-68.599
0.5408310000000001,0.08557567,-68.599
0.4424589, 0.13693349999999999,-68.599
0.3087672, 0.28908480000000003,-68.599
0.2356309, 0.33821789999999996,-68.599
0.11350089999999999, 0.48435110000000003,-68.599
0.008790188,0.5482076,-68.599
-0.09923236,0.6602865,-68.599
-0.3081767, 0.8206756000000001,-68.599
-0.4338307, 0.9045863000000001,-68.599
-0.5944265,0.9870314,-68.599
-0.8168933, 1.0739319999999999,-68.599
-0.8939754,1.133102,-68.599
-1.035616,1.19915,-68.599
-1.1677,1.214483,-68.599
-1.283155, 1.2694969999999999,-68.599
-1.527382, 1.3499700000000001,-68.599
-1.609587,1.391073,-68.599
-1.776937, 1.4097490000000001,-68.599
-2.284664,1.402913,-68.599
-2.431523,1.349461,-68.599
-2.510657,1.28959,-68.599
-2.655115,1.238301,-68.599
-2.720575,1.19508,-68.599
-2.907177,1.148292,-68.599
-3.068274,1.067756,-68.599
-3.389257,0.9614871,-68.599
-3.598529,0.8789646,-68.599
-3.802414,0.7744353,-68.599
-3.95716,0.6241518,-68.599
-4.020279,0.5250756,-68.599
-4.060728,0.3741175,-68.599
-4.061905,0.2506709,-68.599
-4.265041,0.05150345,-68.599
-4.397592,-0.09422024,-68.599
-4.509764,-0.1942202,-68.599
-4.665041,-0.3801915,-68.599
-4.965432,-0.6942203,-68.599
-5.265041,-0.9470136,-68.599
-5.613118,-1.29422,-68.599
-5.765041,-1.488665,-68.599
-5.864138206,-1.569658633,-68.599
-5.8469,-1.775781,-68.599
-5.89698,-2.010156,-68.599
-6.03977,-2.244531,-68.599
-6.154137,-2.478906,-68.599
-6.269531,-2.646441,-68.599
-6.327747,-2.713281,-68.599
-6.409737,-2.947656,-68.599
-6.463995,-3.182031,-68.599
-6.496954,-3.416406,-68.599
-6.479492,-3.650781,-68.599
-6.427822,-3.885156,-68.599
-6.353939,-4.119531,-68.599
-6.035156,-4.530859,-68.599
-5.983425,-4.588281,-68.599
-5.800781,-4.750469,-68.599
-5.566406,-4.90905,-68.599
-5.332031,-5.034756,-68.599
-5.097656,-5.177548,-68.599
-4.964947,-5.291406,-68.599
-4.75179,-5.525781,-68.599
-4.551649,-5.760156,-68.599
-4.442678,-5.994531,-68.599
-4.394531,-6.04123,-68.599
-4.160156,-6.161105,-68.599
-3.925781,-6.337673,-68.599
-3.691406,-6.398438,-68.599
-3.457031,-6.509668,-68.599
-3.222656,-6.629762,-68.599
-2.988281,-6.768566,-68.599
-2.753906,-6.812003,-68.599
-2.519531,-6.842999,-68.599
-2.285156,-6.857458,-68.599
-2.050781,-6.851939,-68.599
-1.816406,-6.800385,-68.599
-1.582031,-6.698702,-68.599
-1.347656,-6.45823,-68.599
2.5493281176744578,-1.290425607,-68.299
2.3762630000000002,-1.09422,-68.299
2.134958,-0.8563942,-68.299
1.934958,-0.6714524,-68.299
1.634958,-0.4538036,-68.299
1.334959,-0.2835059,-68.299
1.1349589999999998,-0.1855081,-68.299
0.9349586000000001,-0.1294551,-68.299
0.7349586,-0.1199778,-68.299
0.3349585,-0.01877645,-68.299
0.1349585,0.08400062,-68.299
-0.04199181,0.2057798,-68.299
-0.2154595,0.3499591,-68.299
-0.2546811, 0.44273759999999995,-68.299
-0.3680187,0.6144258,-68.299
-0.4286792, 0.8306148999999999,-68.299
-0.4831705, 0.9379896000000001,-68.299
-0.7105394,1.473422,-68.299
-0.8014267,1.614335,-68.299
-0.9136824,1.748276,-68.299
-0.9635779, 1.8348030000000002,-68.299
-1.079953, 1.9329180000000001,-68.299
-1.134946,2.037977,-68.299
-1.393164,2.381548,-68.299
-1.529654, 2.5202940000000003,-68.299
-1.630043,2.599165,-68.299
-1.894788,2.722227,-68.299
-1.972036,2.735848,-68.299
-2.284664,2.730724,-68.299
-2.431523,2.677271,-68.299
-2.495777,2.63228,-68.299
-2.629349, 2.4987079999999997,-68.299
-2.830554,2.200134,-68.299
-2.950082, 1.9450990000000001,-68.299
-3.058935, 1.8348030000000002,-68.299
-3.108237, 1.7613050000000001,-68.299
-3.265041, 1.6052050000000002,-68.299
-3.365041, 1.5995300000000001,-68.299
-3.658791,1.30578,-68.299
-3.670811,1.20578,-68.299
-3.859109, 1.0057800000000001,-68.299
-3.890041, 0.9057797000000001,-68.299
-4.011372,0.7057797,-68.299
-4.082664,0.6057797,-68.299
-4.132087, 0.5057796999999999,-68.299
-4.405559, 0.10577980000000001,-68.299
-4.521621,-0.09422024,-68.299
-4.610279,-0.1942202,-68.299
-4.720895,-0.3942202,-68.299
-4.849479,-0.5942203,-68.299
-4.933097,-0.6942203,-68.299
-5.065041,-0.8056786,-68.299
-5.265041,-0.954165,-68.299
-5.623712,-1.29422,-68.299
-5.804263,-1.49422,-68.299
-5.98112366,-1.617251713,-68.299
-5.944957,-1.775781,-68.299
-5.928133,-2.010156,-68.299
-5.981353,-2.244531,-68.299
-6.103223,-2.478906,-68.299
-6.183143,-2.713281,-68.299
-6.279524,-2.947656,-68.299
-6.309181,-3.182031,-68.299
-6.307664,-3.416406,-68.299
-6.237942,-3.650781,-68.299
-6.154161,-3.885156,-68.299
-6.046365,-4.119531,-68.299
-5.871311,-4.353906,-68.299
-5.679087,-4.588281,-68.299
-5.566406,-4.688613,-68.299
-5.235073,-5.057031,-68.299
-5.086544,-5.291406,-68.299
-4.863281,-5.672602,-68.299
-4.806009,-5.760156,-68.299
-4.621381,-5.994531,-68.299
-4.340523,-6.228906,-68.299
-4.160156,-6.342252,-68.299
-3.925781,-6.421597,-68.299
-3.691406,-6.54751,-68.299
-3.457031,-6.725388,-68.299
-3.222656,-6.823805,-68.299
-2.988281,-6.871618,-68.299
-2.753906,-6.94668,-68.299
-2.285156,-7.018198,-68.299
-2.050781,-7.025646,-68.299
-1.816406,-7.002483,-68.299
-1.644871,-6.932031,-68.299
-1.347656,-6.7546,-68.299
-1.113281,-6.541144,-68.299
-0.8789063,-6.386425,-68.299
-0.6445313,-6.254458,-68.299
-0.4101563,-6.094707,-68.299
0.05859375,-5.802697,-68.299
0.4045312,-5.525781,-68.299
0.7617187999999999,-5.230371,-68.299
0.9960938,-5.093304,-68.299
1.2430590000000001,-4.822656,-68.299
1.386455,-4.588281,-68.299
1.7796420000000002,-4.119531,-68.299
2.025992,-3.650781,-68.299
2.2070309999999997,-3.182031,-68.299
2.259189,-2.947656,-68.299
2.297787,-2.713281,-68.299
2.313886,-2.478906,-68.299
2.31875,-2.244531,-68.299
2.392668,-2.010156,-68.299
2.34003,-1.775781,-68.299
2.353754,-1.541406,-68.299
2.5493281176744578,-1.290425607,-68.299
-1.582031,-7.001308,-67.999
-1.816406,-7.078024,-67.999
-2.050781,-7.13233,-67.999
-2.285156,-7.129891,-67.999
-2.519531,-7.066056,-67.999
-2.753906,-7.024452,-67.999
-2.988281,-6.994666,-67.999
-3.182896,-6.932031,-67.999
-3.457031,-6.829088,-67.999
-3.671347,-6.697656,-67.999
-3.925781,-6.510889,-67.999
-4.160156,-6.382351,-67.999
-4.394531,-6.2875,-67.999
-4.453857,-6.228906,-67.999
-4.741727,-5.994531,-67.999
-4.941184,-5.760156,-67.999
-5.097656,-5.516564,-67.999
-5.214162,-5.291406,-67.999
-5.321719,-5.057031,-67.999
-5.455014,-4.822656,-67.999
-5.622388,-4.588281,-67.999
-5.705566,-4.353906,-67.999
-5.928834,-3.885156,-67.999
-6.094612,-3.416406,-67.999
-6.119192,-3.182031,-67.999
-6.115057,-2.947656,-67.999
-6.069973,-2.713281,-67.999
-6.003637,-2.478906,-67.999
-5.981236,-2.244531,-67.999
-6.009208,-2.010156,-67.999
-6.095947,-1.775781,-67.999
-6.108764299,-1.620299689,-67.999
-5.877297,-1.529239,-67.999
-5.747163,-1.385252,-67.999
-5.251625,-0.9565723,-67.999
-5.104553,-0.8427673,-67.999
-4.900298,-0.7103696,-67.999
-4.767923,-0.443644,-67.999
-4.723157,-0.2637147,-67.999
-4.667907,-0.1452299,-67.999
-4.580804,0.001941334,-67.999
-4.470917, 0.31605110000000003,-67.999
-4.37402,0.5054011,-67.999
-4.347772,0.6348605,-67.999
-4.276304,0.7939158,-67.999
-4.24907,0.8856257,-67.999
-4.237676,1.070586,-67.999
-4.20384,1.196865,-67.999
-4.017313, 1.6411200000000001,-67.999
-3.959576, 1.7357970000000003,-67.999
-3.888931, 1.8995819999999999,-67.999
-3.813945,2.006672,-67.999
-3.728358,2.09391,-67.999
-3.659032,2.214423,-67.999
-3.502393,2.380116,-67.999
-3.424457,2.493532,-67.999
-3.2671,2.65089,-67.999
-3.19266, 2.7070879999999997,-67.999
-3.039899,2.878091,-67.999
-2.932808,2.953077,-67.999
-2.809857,3.015746,-67.999
-2.687008, 3.0604590000000003,-67.999
-2.55826,3.083161,-67.999
-2.34223,3.081097,-67.999
-2.214151,3.054887,-67.999
-2.013643,2.983288,-67.999
-1.900424,2.917922,-67.999
-1.767819,2.80143,-67.999
-1.683785,2.701283,-67.999
-1.600095, 2.5687919999999997,-67.999
-1.50102,2.458243,-67.999
-1.348893,2.242735,-67.999
-1.236756,2.136502,-67.999
-1.122186, 1.9610530000000002,-67.999
-1.002181,1.824935,-67.999
-0.9368146, 1.7117159999999998,-67.999
-0.8870398,1.56738,-67.999
-0.7112369,1.225531,-67.999
-0.6246718, 1.1274929999999999,-67.999
-0.528288, 0.9764874000000001,-67.999
-0.4115777,0.8273787,-67.999
-0.2676412,0.67309,-67.999
-0.1887956,0.5328925,-67.999
-0.1138098,0.4258018,-67.999
-0.004691949, 0.31264780000000003,-67.999
0.09545581, 0.22861389999999998,-67.999
0.27358910000000003,0.1307897,-67.999
0.3964385,0.08607619,-67.999
0.5251859999999999,0.06337453,-67.999
0.7532463,0.07191474,-67.999
0.8943175,0.1126488,-67.999
1.110277,0.08854665,-67.999
1.2970039999999998,0.02967168,-67.999
1.809443,-0.2277414,-67.999
2.014273,-0.3746324,-67.999
2.12706,-0.4767597,-67.999
2.217898,-0.586704,-67.999
2.3337890000000003,-0.6837659,-67.999
2.426675,-0.8026991,-67.999
2.56099,-0.9109673,-67.999
2.6427129999999996,-1.01301,-67.999
2.7888707672120843,-1.233727104,-67.999
2.750095,-1.307031,-67.999
2.724057,-1.541406,-67.999
2.656109,-1.775781,-67.999
2.6635280000000003,-1.924398,-67.999
2.586656,-2.044014,-67.999
2.498495,-2.223324,-67.999
2.431349,-2.411515,-67.999
2.386092,-2.606133,-67.999
2.363316,-2.804641,-67.999
2.368971,-3.053739,-67.999
2.303241,-3.182031,-67.999
2.245432,-3.416406,-67.999
2.170759,-3.650781,-67.999
2.060303,-3.885156,-67.999
1.728295,-4.353906,-67.999
1.548162,-4.588281,-67.999
1.464844,-4.710434,-67.999
1.230469,-5.016992,-67.999
1.1910859999999999,-5.057031,-67.999
0.9002976,-5.291406,-67.999
0.5664062999999999,-5.525781,-67.999
0.5273437999999999,-5.561519,-67.999
0.29296880000000003,-5.690909,-67.999
0.05859375,-5.885109,-67.999
-0.1757813,-6.055269,-67.999
-0.4101563,-6.174757,-67.999
-0.6445313,-6.353502,-67.999
-0.8789063,-6.513194,-67.999
-1.113281,-6.65265,-67.999
-1.162574,-6.697656,-67.999
-1.582031,-7.001308,-67.999
-6.129275516,-1.952448364,-67.699
-6.062583,-2.244531,-67.699
-5.993574,-2.478906,-67.699
-5.963504,-2.713281,-67.699
-5.940228,-3.182031,-67.699
-5.880417,-3.650781,-67.699
-5.830684,-3.885156,-67.699
-5.75221,-4.119531,-67.699
-5.692007,-4.353906,-67.699
-5.644758,-4.588281,-67.699
-5.510779,-4.822656,-67.699
-5.409128,-5.057031,-67.699
-5.259222,-5.291406,-67.699
-5.17081,-5.525781,-67.699
-5.097656,-5.603155,-67.699
-4.863281,-5.913965,-67.699
-4.786955,-5.994531,-67.699
-4.628906,-6.112293,-67.699
-4.394531,-6.315495,-67.699
-4.160156,-6.401281,-67.699
-3.925781,-6.542445,-67.699
-3.691406,-6.753569,-67.699
-3.457031,-6.860493,-67.699
-3.222656,-7.000391,-67.699
-2.753906,-7.090779,-67.699
-2.519531,-7.159947,-67.699
-2.285156,-7.204434,-67.699
-2.050781,-7.179427,-67.699
-1.816406,-7.08709,-67.699
-1.582031,-6.983076,-67.699
-1.347656,-6.822086,-67.699
-1.113281,-6.67114,-67.699
-0.7172309,-6.463281,-67.699
-0.6445313,-6.412951,-67.699
-0.4101563,-6.304044,-67.699
-0.1757813,-6.124089,-67.699
0.052849270000000004,-5.994531,-67.699
0.29296880000000003,-5.820234,-67.699
0.5273437999999999,-5.629727,-67.699
0.7617187999999999,-5.455892,-67.699
1.230469,-5.13588,-67.699
1.311313,-5.057031,-67.699
1.4876070000000001,-4.822656,-67.699
1.6417739999999998,-4.588281,-67.699
1.8184740000000001,-4.353906,-67.699
2.020666,-4.119531,-67.699
2.186334,-3.885156,-67.699
2.206286,-3.833171,-67.699
2.227487,-3.648397,-67.699
2.260427,-3.506745,-67.699
2.250026,-3.412295,-67.699
2.250026,-3.212484,-67.699
2.272803,-3.013975,-67.699
2.318059,-2.819357,-67.699
2.385206,-2.631166,-67.699
2.473366,-2.451857,-67.699
2.581392,-2.283765,-67.699
2.707875,-2.129083,-67.699
2.8759054904956525,-1.971065581,-67.699
2.81326,-1.79422,-67.699
2.767567,-1.59422,-67.699
2.675642,-1.39422,-67.699
2.609638,-1.29422,-67.699
2.565022,-1.19422,-67.699
2.329403,-0.8942203,-67.699
2.1916450000000003,-0.6942203,-67.699
2.099773,-0.5942203,-67.699
2.043232,-0.4942203,-67.699
1.934958,-0.3930574,-67.699
1.8349579999999999,-0.2792202,-67.699
1.568654,-0.09422024,-67.699
1.334959, 0.053936450000000004,-67.699
1.1349589999999998, 0.14266099999999998,-67.699
0.9349586000000001,0.1685876,-67.699
0.5349586000000001,0.1527981,-67.699
0.3349585,0.1739616,-67.699
0.034958539999999996,0.2679749,-67.699
-0.1650415, 0.38167260000000003,-67.699
-0.2921656, 0.5057796999999999,-67.699
-0.4719758,0.7057797,-67.699
-0.7777127,1.10578,-67.699
-0.9005163,1.30578,-67.699
-1.115346,1.70578,-67.699
-1.287831,1.90578,-67.699
-1.362975,2.00578,-67.699
-1.608909,2.20578,-67.699
-1.765042,2.343899,-67.699
-1.965042,2.504036,-67.699
-2.165042, 2.6063169999999998,-67.699
-2.365042,2.643974,-67.699
-2.465042,2.642736,-67.699
-2.565042,2.606494,-67.699
-2.665042,2.606222,-67.699
-2.865042,2.418571,-67.699
-3.065042,2.266007,-67.699
-3.265041,2.052371,-67.699
-3.465811,1.80578,-67.699
-3.565041,1.706549,-67.699
-3.642202,1.60578,-67.699
-3.904448,1.20578,-67.699
-4.003852, 1.0057800000000001,-67.699
-4.030951, 0.9057797000000001,-67.699
-4.206371, 0.5057796999999999,-67.699
-4.238837, 0.40577969999999997,-67.699
-4.305559,0.3057798,-67.699
-4.402813, 0.10577980000000001,-67.699
-4.436348,0.005779764,-67.699
-4.605505,-0.2942202,-67.699
-4.640041,-0.3942202,-67.699
-4.744234,-0.5942203,-67.699
-4.865041,-0.7546248,-67.699
-5.003761,-0.8942203,-67.699
-5.224358,-1.09422,-67.699
-5.511171,-1.39422,-67.699
-5.665041,-1.564743,-67.699
-5.865041,-1.752056,-67.699
-6.129275516,-1.952448364,-67.699
2.300104,-3.906958,-67.399
2.295342,-3.665642,-67.399
2.3181190000000003,-3.467134,-67.399
2.363375,-3.272515,-67.399
2.430522,-3.084325,-67.399
2.518682,-2.905015,-67.399
2.626708,-2.736923,-67.399
2.741342,-2.596732,-67.399
2.7670186391428775,-2.482991796,-67.399
2.716452,-2.29422,-67.399
2.661521,-1.99422,-67.399
2.62603,-1.89422,-67.399
2.555528,-1.59422,-67.399
2.503934,-1.49422,-67.399
2.474542,-1.39422,-67.399
2.409487,-1.29422,-67.399
2.370375,-1.19422,-67.399
2.299244,-1.09422,-67.399
2.082969,-0.6942203,-67.399
1.957686,-0.4942203,-67.399
1.803556,-0.2942202,-67.399
1.634958,-0.1372758,-67.399
1.4349589999999999,0.03165186,-67.399
1.234959,0.1597517,-67.399
1.034959, 0.23572479999999998,-67.399
0.8349586,0.2517074,-67.399
0.5349586000000001,0.2432798,-67.399
0.1349585,0.2510587,-67.399
-0.06504146,0.2840006,-67.399
-0.2650415, 0.35705529999999996,-67.399
-0.3347495, 0.40577969999999997,-67.399
-0.5650414,0.6341014,-67.399
-0.7124846, 0.8057797000000001,-67.399
-0.9827834,1.20578,-67.399
-1.03516,1.30578,-67.399
-1.111613,1.40578,-67.399
-1.223472,1.60578,-67.399
-1.365041,1.773711,-67.399
-1.565041,1.940273,-67.399
-1.665042,1.96786,-67.399
-1.965042,2.119258,-67.399
-2.165042, 2.1917169999999997,-67.399
-2.265042,2.20627,-67.399
-2.465042,2.206239,-67.399
-2.565042,2.106673,-67.399
-2.765042, 1.9927800000000002,-67.399
-2.865637,1.90578,-67.399
-3.165042, 1.6029499999999999,-67.399
-3.465041,1.283344,-67.399
-3.665041,1.054113,-67.399
-3.784657, 0.9057797000000001,-67.399
-3.838256, 0.8057797000000001,-67.399
-3.969177,0.6057797,-67.399
-4.058791, 0.40577969999999997,-67.399
-4.18819,0.2057798,-67.399
-4.227042, 0.10577980000000001,-67.399
-4.298662,0.005779764,-67.399
-4.343745,-0.09422024,-67.399
-4.465041,-0.2883111,-67.399
-4.641849,-0.5942203,-67.399
-4.965041,-0.9922671,-67.399
-5.066204,-1.09422,-67.399
-5.392166,-1.49422,-67.399
-5.52942,-1.69422,-67.399
-5.781128,-1.99422,-67.399
-5.927913,-2.19422,-67.399
-6.058877,-2.39422,-67.399
-6.080392869,-2.463569054,-67.399
-5.986639,-2.713281,-67.399
-5.930152,-2.947656,-67.399
-5.895541,-3.182031,-67.399
-5.870965,-3.416406,-67.399
-5.835938,-3.650781,-67.399
-5.745943,-4.119531,-67.399
-5.693309,-4.353906,-67.399
-5.658991,-4.588281,-67.399
-5.566406,-4.795168,-67.399
-5.427706,-5.057031,-67.399
-5.332031,-5.215469,-67.399
-5.273438,-5.291406,-67.399
-5.184537,-5.525781,-67.399
-4.988403,-5.760156,-67.399
-4.863281,-5.931752,-67.399
-4.801386,-5.994531,-67.399
-4.628906,-6.11578,-67.399
-4.394531,-6.310286,-67.399
-4.160156,-6.395647,-67.399
-3.925781,-6.537855,-67.399
-3.691406,-6.706026,-67.399
-3.277734,-6.932031,-67.399
-3.222656,-6.968507,-67.399
-2.988281,-7.032055,-67.399
-2.753906,-7.073065,-67.399
-2.519531,-7.097336,-67.399
-2.285156,-7.089079,-67.399
-2.050781,-7.041658,-67.399
-1.816406,-6.963002,-67.399
-1.582031,-6.849023,-67.399
-1.347656,-6.776466,-67.399
-1.113281,-6.647326,-67.399
-0.6445313,-6.482672,-67.399
-0.6142468,-6.463281,-67.399
-0.1757813,-6.250136,-67.399
-0.1528931,-6.228906,-67.399
0.1951511,-5.994531,-67.399
0.5273437999999999,-5.720206,-67.399
0.7617187999999999,-5.549219,-67.399
1.060248,-5.291406,-67.399
1.230469,-5.158905,-67.399
1.337193,-5.057031,-67.399
1.556769,-4.822656,-67.399
1.7539580000000001,-4.588281,-67.399
1.908875,-4.353906,-67.399
2.1679690000000003,-4.046894,-67.399
2.300104,-3.906958,-67.399
-1.50102,1.744182,-67.099
-1.669837,1.75322,-67.099
-1.797916,1.779429,-67.099
-2.024366,1.845674,-67.099
-2.235643,1.845674,-67.099
-2.351501,1.781278,-67.099
-2.459347, 1.6987850000000002,-67.099
-2.561477,1.596654,-67.099
-2.696509,1.49772,-67.099
-2.88715,1.307079,-67.099
-2.982784, 1.2401149999999999,-67.099
-3.150743,1.093442,-67.099
-3.249612,1.039905,-67.099
-3.341553,0.9500484,-67.099
-3.471062,0.8646091,-67.099
-3.62491,0.7454792,-67.099
-3.668515,0.6843606,-67.099
-3.803099,0.5750195,-67.099
-3.828733,0.4712154,-67.099
-3.944466,0.2545408,-67.099
-4.083675,0.08197144,-67.099
-4.133586,-0.02506334,-67.099
-4.36572,-0.3627124,-67.099
-4.624648,-0.7164601,-67.099
-4.755207,-0.8495723,-67.099
-4.859285,-1.01905,-67.099
-4.989782,-1.161139,-67.099
-5.061304,-1.291267,-67.099
-5.119612,-1.355883,-67.099
-5.244173,-1.586865,-67.099
-5.381968,-1.768096,-67.099
-5.447236,-1.922448,-67.099
-5.606924,-2.183163,-67.099
-5.651637,-2.306013,-67.099
-5.698256,-2.532177,-67.099
-5.70965,-2.662413,-67.099
-5.70965,-2.838825,-67.099
-5.766452,-3.13663,-67.099
-5.774565,-3.408932,-67.099
-5.774565,-3.739711296,-67.099
-5.739294,-3.885156,-67.099
-5.677327,-4.353906,-67.099
-5.635298,-4.588281,-67.099
-5.517188,-4.822656,-67.099
-5.409948,-5.057031,-67.099
-5.254136,-5.291406,-67.099
-5.16308,-5.525781,-67.099
-5.097656,-5.599837,-67.099
-4.863281,-5.927211,-67.099
-4.794992,-5.994531,-67.099
-4.447063,-6.228906,-67.099
-4.394531,-6.277116,-67.099
-4.160156,-6.365625,-67.099
-3.925781,-6.495745,-67.099
-3.691406,-6.606436,-67.099
-3.457031,-6.776492,-67.099
-2.988281,-6.913666,-67.099
-2.753906,-6.968909,-67.099
-2.519531,-6.973825,-67.099
-2.285156,-6.934937,-67.099
-2.050781,-6.872705,-67.099
-1.582031,-6.784537,-67.099
-1.347656,-6.709111,-67.099
-1.113281,-6.620628,-67.099
-0.8789063,-6.563049,-67.099
-0.6445313,-6.492979,-67.099
-0.4101563,-6.3803,-67.099
-0.1757813,-6.295772,-67.099
0.05859375,-6.123438,-67.099
0.29296880000000003,-6.030162,-67.099
0.5273437999999999,-5.859655,-67.099
0.6256066,-5.760156,-67.099
0.8855815,-5.525781,-67.099
1.098902,-5.291406,-67.099
1.612273,-4.822656,-67.099
1.8562999999999998,-4.588281,-67.099
1.933594,-4.501094,-67.099
2.080816,-4.398566,-67.099
2.183096,-4.085685,-67.099
2.216763,-3.960039,-67.099
2.34568,-3.683574,-67.099
2.520647,-3.433696,-67.099
2.573931,-3.380411626,-67.099
2.573931,-3.116816,-67.099
2.562537,-2.629549,-67.099
2.51492,-2.409438,-67.099
2.40025,-1.818116,-67.099
2.333957,-1.52955,-67.099
2.247373,-1.345386,-67.099
2.1716699999999998,-1.140063,-67.099
2.088401,-0.9555486,-67.099
2.007892,-0.7365942,-67.099
1.91052,-0.5418502,-67.099
1.801846,-0.3578533,-67.099
1.6473410000000002,-0.1383432,-67.099
1.510371,0.01010023,-67.099
1.345308,0.1590488,-67.099
1.2505359999999999,0.2155052,-67.099
1.064039,0.2960146,-67.099
0.8502114000000001,0.3271421,-67.099
0.33048730000000004, 0.31574800000000003,-67.099
0.1220493,0.2622275,-67.099
-0.2369516,0.2622275,-67.099
-0.3189053,0.2833833,-67.099
-0.482305,0.3639316,-67.099
-0.5876095,0.4811781,-67.099
-0.7344636,0.61172,-67.099
-0.7749801, 0.6889282999999999,-67.099
-0.9420996,0.9018794,-67.099
-1.099553,1.175788,-67.099
-1.196438,1.288786,-67.099
-1.50102,1.744182,-67.099
-0.8789063,-6.532558,-66.799
-0.6445313,-6.425,-66.799
-0.4101563,-6.356258,-66.799
-0.1757813,-6.27473,-66.799
0.05859375,-6.129058,-66.799
0.29296880000000003,-6.067693,-66.799
0.5273437999999999,-5.912918,-66.799
0.7188665999999999,-5.760156,-66.799
0.9735577,-5.525781,-66.799
1.171459,-5.291406,-66.799
1.230469,-5.235188,-66.799
1.485635,-5.057031,-66.799
1.699219,-4.920514,-66.799
1.803529,-4.93517,-66.799
1.9093889999999998,-4.64772,-66.799
1.99755,-4.46841,-66.799
2.105576,-4.300319,-66.799
2.232059,-4.145637,-66.799
2.37535,-4.006382,-66.799
2.4477436338143237,-3.952716523,-66.799
2.478805,-3.79422,-66.799
2.508234,-3.39422,-66.799
2.5510770000000003,-3.19422,-66.799
2.567139,-2.89422,-66.799
2.558151,-2.59422,-66.799
2.514151,-2.39422,-66.799
2.461259,-1.89422,-66.799
2.410402,-1.69422,-66.799
2.3674980000000003,-1.39422,-66.799
2.315655,-1.29422,-66.799
2.255766,-1.09422,-66.799
2.197072,-0.9942203,-66.799
2.160831,-0.8942203,-66.799
2.0505210000000003,-0.6942203,-66.799
1.934958,-0.5411797,-66.799
1.8349579999999999,-0.4370363,-66.799
1.734958,-0.3626577,-66.799
1.534959,-0.2531018,-66.799
1.4349589999999999,-0.2257017,-66.799
1.334959,-0.1717626,-66.799
1.1349589999999998,-0.1119622,-66.799
1.034959,-0.09372519,-66.799
0.034958539999999996,-0.09378545,-66.799
-0.06504146,-0.0908869,-66.799
-0.2650415,-0.05395475,-66.799
-0.4650414,0.02441613,-66.799
-0.5650414,0.08662089,-66.799
-0.6650414,0.1696411,-66.799
-0.8829581, 0.40577969999999997,-66.799
-1.096481,0.7057797,-66.799
-1.155767, 0.8057797000000001,-66.799
-1.365041,1.081553,-66.799
-1.565041,1.313251,-66.799
-1.665042, 1.4020160000000002,-66.799
-1.765042,1.447298,-66.799
-1.965042,1.50619,-66.799
-2.065042,1.524687,-66.799
-2.165042, 1.5141870000000002,-66.799
-2.365042,1.429192,-66.799
-2.565042, 1.3246689999999999,-66.799
-2.865042,1.149999,-66.799
-2.965042,1.074897,-66.799
-3.427541, 0.8057797000000001,-66.799
-3.765041,0.550551,-66.799
-3.97397,0.3057798,-66.799
-4.090041,0.2057798,-66.799
-4.364651,-0.09422024,-66.799
-4.44188,-0.1942202,-66.799
-4.911166,-0.6942203,-66.799
-4.998244,-0.7942203,-66.799
-5.206943,-1.09422,-66.799
-5.301998,-1.29422,-66.799
-5.33063,-1.39422,-66.799
-5.383831,-1.49422,-66.799
-5.441389,-1.69422,-66.799
-5.484345,-1.79422,-66.799
-5.502604,-1.89422,-66.799
-5.609121,-2.19422,-66.799
-5.645738,-2.49422,-66.799
-5.6473,-2.59422,-66.799
-5.630093,-2.89422,-66.799
-5.635875,-3.19422,-66.799
-5.622673,-3.49422,-66.799
-5.5765,-4.09422,-66.799
-5.516831534,-4.638959198,-66.799
-5.439231,-4.822656,-66.799
-5.314904,-5.057031,-66.799
-5.200536,-5.291406,-66.799
-4.95691,-5.760156,-66.799
-4.863281,-5.882887,-66.799
-4.742672,-5.994531,-66.799
-4.628906,-6.076997,-66.799
-4.394531,-6.159326,-66.799
-4.160156,-6.302148,-66.799
-3.925781,-6.395166,-66.799
-3.691406,-6.543806,-66.799
-3.457031,-6.654525,-66.799
-3.222656,-6.784881,-66.799
-2.988281,-6.832774,-66.799
-2.753906,-6.854132,-66.799
-2.519531,-6.854132,-66.799
-2.285156,-6.836617,-66.799
-2.050781,-6.804017,-66.799
-1.816406,-6.755518,-66.799
-1.582031,-6.661404,-66.799
-1.347656,-6.600212,-66.799
-0.8789063,-6.532558,-66.799
0.29296880000000003,-6.070158,-66.499
0.7617187999999999,-5.827516,-66.499
0.9960938,-5.685868,-66.499
1.083207911,-5.64814456,-66.499
1.189692601163912,-5.54083794,-66.499
1.312549,-5.342583,-66.499
1.439032,-5.187901,-66.499
1.7355019999999999,-4.89422,-66.499
1.7724579999999999,-4.79422,-66.499
1.838635,-4.69422,-66.499
1.927032,-4.59422,-66.499
2.124072,-4.19422,-66.499
2.286429,-3.89422,-66.499
2.369636,-3.69422,-66.499
2.421107,-3.49422,-66.499
2.462925,-3.39422,-66.499
2.54763,-2.99422,-66.499
2.556738,-2.89422,-66.499
2.5527,-2.59422,-66.499
2.516689,-2.29422,-66.499
2.464125,-1.59422,-66.499
2.433035,-1.39422,-66.499
2.354262,-1.09422,-66.499
2.260397,-0.8942203,-66.499
2.134958,-0.720816,-66.499
2.034958,-0.6024936,-66.499
1.911788,-0.4942203,-66.499
1.8349579999999999,-0.4502667,-66.499
1.634958,-0.4431507,-66.499
1.4349589999999999,-0.4846369,-66.499
1.234959,-0.5083228,-66.499
0.9349586000000001,-0.4937573,-66.499
0.1349585,-0.4937202,-66.499
0.034958539999999996,-0.4787947,-66.499
-0.1650415,-0.4166012,-66.499
-0.3650415,-0.3685193,-66.499
-0.5650414,-0.2766012,-66.499
-0.7650414,-0.1379044,-66.499
-0.8650414,-0.03833788,-66.499
-0.9792656, 0.10577980000000001,-66.499
-1.19158, 0.40577969999999997,-66.499
-1.241534, 0.5057796999999999,-66.499
-1.452125, 0.8057797000000001,-66.499
-1.565041,0.9291742,-66.499
-1.665042,1.02,-66.499
-1.865042,1.14693,-66.499
-1.965042,1.185017,-66.499
-2.065042, 1.2020300000000002,-66.499
-2.365042,1.147794,-66.499
-2.565042,1.072967,-66.499
-2.765042,1.028036,-66.499
-2.965042, 0.9430080000000001,-66.499
-3.065042, 0.8764502000000001,-66.499
-3.265041,0.7919284,-66.499
-3.465041,0.7178487,-66.499
-3.765041,0.5196311,-66.499
-4.065041,0.2955685,-66.499
-4.165041,0.244015,-66.499
-4.465041,0.002370674,-66.499
-4.565041,-0.06636789,-66.499
-4.821682,-0.2942202,-66.499
-5.125966,-0.5942203,-66.499
-5.296965,-0.7942203,-66.499
-5.410527,-0.9942203,-66.499
-5.484853,-1.19422,-66.499
-5.55483,-1.69422,-66.499
-5.556113,-1.89422,-66.499
-5.584853,-1.99422,-66.499
-5.609607,-2.19422,-66.499
-5.619297,-2.39422,-66.499
-5.588234,-2.79422,-66.499
-5.531796,-2.99422,-66.499
-5.501382,-3.39422,-66.499
-5.446772,-3.59422,-66.499
-5.385354,-3.99422,-66.499
-5.333479,-4.29422,-66.499
-5.290041,-4.49422,-66.499
-5.247288,-4.59422,-66.499
-5.174181,-4.89422,-66.499
-5.153434,-5.09422,-66.499
-5.050604,-5.291406,-66.499
-4.956083,-5.525781,-66.499
-4.841309,-5.760156,-66.499
-4.628906,-5.946008,-66.499
-4.394531,-6.056613,-66.499
-4.160156,-6.129188,-66.499
-3.925781,-6.298768,-66.499
-3.691406,-6.415267,-66.499
-3.457031,-6.552293,-66.499
-3.222656,-6.641055,-66.499
-2.988281,-6.742487,-66.499
-2.753906,-6.771255,-66.499
-2.519531,-6.769271,-66.499
-2.285156,-6.736172,-66.499
-1.816406,-6.585951,-66.499
-1.582031,-6.539453,-66.499
-1.347656,-6.50732,-66.499
-0.8789063,-6.39893,-66.499
-0.4101563,-6.311304,-66.499
-0.1757813,-6.204457,-66.499
0.05859375,-6.113393,-66.499
0.29296880000000003,-6.070158,-66.499
-5.604165,-2.38294,-66.199
-5.60941,-1.913143,-66.199
-5.66908,-1.668879,-66.199
-5.677193,-1.558864,-66.199
-5.677193,-1.169376,-66.199
-5.665799,-1.03914,-66.199
-5.631962,-0.9128613,-66.199
-5.576712,-0.7943764,-66.199
-5.404354,-0.524999,-66.199
-5.309523,-0.4265272,-66.199
-5.145804,-0.2967857,-66.199
-5.052253,-0.2053551,-66.199
-4.773143,-0.003237802,-66.199
-4.596723,0.09228936,-66.199
-4.335351,0.256873,-66.199
-4.149192,0.3306593,-66.199
-3.982787,0.4117409,-66.199
-3.763689,0.494296,-66.199
-3.459003,0.6463609,-66.199
-3.336154,0.6910744,-66.199
-3.098594,0.7415298,-66.199
-2.849294, 0.8533609999999999,-66.199
-2.720547,0.8760627,-66.199
-2.551259,0.8775492,-66.199
-2.416355,0.906456,-66.199
-2.200777,0.911374,-66.199
-2.070541,0.8999798,-66.199
-1.944262, 0.8661435000000001,-66.199
-1.770595,0.775738,-66.199
-1.63799,0.6592468,-66.199
-1.565934,0.575718,-66.199
-1.411555,0.2906822,-66.199
-1.356514,0.2118007,-66.199
-1.132043,-0.178452,-66.199
-1.017252,-0.3454692,-66.199
-0.8554464,-0.4699997,-66.199
-0.7133885,-0.5613078,-66.199
-0.3922562,-0.718997,-66.199
-0.2005352,-0.7616354,-66.199
-0.1158988,-0.8104728,-66.199
0.006950583,-0.8551863,-66.199
0.1356981,-0.8778879,-66.199
0.9151260000000001,-0.8807419,-66.199
1.128954,-0.8496144,-66.199
1.452413,-0.7153463,-66.199
1.5595029999999999,-0.6403606,-66.199
1.646141,-0.5535333,-66.199
1.786902,-0.4456767,-66.199
1.946151,-0.4896456,-66.199
2.111278,-0.5948431,-66.199
2.296488,-0.7874897,-66.199
2.364922,-0.8988809,-66.199
2.431329,-1.042691,-66.199
2.483461,-1.234921,-66.199
2.506163,-1.363668,-66.199
2.508569,-1.774475,-66.199
2.53008,-1.883031,-66.199
2.541474,-2.370297,-66.199
2.541474,-2.889615,-66.199
2.515918,-3.083729,-66.199
2.454291,-3.22272,-66.199
2.431329,-3.308416,-66.199
2.332465,-3.517141,-66.199
2.166658,-3.790819,-66.199
2.02402,-3.941563,-66.199
1.9118439999999999,-4.089286,-66.199
1.784901,-4.2164,-66.199
1.70348,-4.32848,-66.199
1.6085470000000002,-4.418363,-66.199
1.4625629999999998,-4.505853,-66.199
1.2662369999999998,-4.649659,-66.199
1.161179,-4.710399,-66.199
1.037354,-4.822751,-66.199
0.7610764999999999,-5.029473,-66.199
0.6285856,-5.113163,-66.199
0.42349699999999996,-5.314216,-66.199
0.2417593,-5.451418,-66.199
-0.000874764,-5.580337,-66.199
-0.1152713,-5.67862,-66.199
-0.2678256,-5.778689,-66.199
-0.3863105,-5.83394,-66.199
-0.4896602,-5.857226,-66.199
-0.7302281,-5.970512,-66.199
-0.9176838,-6.026892,-66.199
-1.049832,-6.055542,-66.199
-1.19523,-6.113273,-66.199
-1.467101,-6.18135,-66.199
-1.596212,-6.201883,-66.199
-1.715652,-6.202916,-66.199
-1.908255,-6.257264,-66.199
-2.038491,-6.268658,-66.199
-2.590265,-6.268658,-66.199
-2.98016,-6.224807,-66.199
-3.166888,-6.165932,-66.199
-3.47745,-6.027192,-66.199
-3.679327,-5.908519,-66.199
-3.848943,-5.774648,-66.199
-3.992005,-5.595488,-66.199
-4.080419,-5.51111,-66.199
-4.173065,-5.484328,-66.199
-4.286283,-5.418961,-66.199
-4.548718,-5.172641,-66.199
-4.724179,-4.932264,-66.199
-4.859953,-4.780377,-66.199
-4.917323,-4.670169,-66.199
-4.99248,-4.562908,-66.199
-5.115021,-4.275511,-66.199
-5.147671,-4.14892,-66.199
-5.180128,-3.954176,-66.199
-5.304669,-3.519597,-66.199
-5.353949,-3.395559,-66.199
-5.419142,-3.030993,-66.199
-5.483779,-2.876241,-66.199
-5.604165,-2.38294,-66.199
-2.565042,-5.794644,-65.899
-2.765042,-5.695411,-65.899
-2.965042,-5.694692,-65.899
-3.065042,-5.595609,-65.899
-3.166708,-5.59422,-65.899
-3.265041,-5.495887,-65.899
-3.365041,-5.49477,-65.899
-3.565041,-5.296072,-65.899
-3.665041,-5.26001,-65.899
-3.765919,-5.19422,-65.899
-3.865041,-5.095097,-65.899
-3.965041,-5.033283,-65.899
-4.065875,-4.99422,-65.899
-4.265041,-4.795357,-65.899
-4.565041,-4.520113,-65.899
-4.759985,-4.29422,-65.899
-4.865041,-4.121143,-65.899
-5.017002,-3.79422,-65.899
-5.127993,-3.59422,-65.899
-5.197527,-3.49422,-65.899
-5.303408,-3.29422,-65.899
-5.33359,-3.19422,-65.899
-5.47711,-2.89422,-65.899
-5.529435,-2.69422,-65.899
-5.594208,-2.49422,-65.899
-5.607867,-2.39422,-65.899
-5.606555,-1.89422,-65.899
-5.614176,-1.69422,-65.899
-5.585354,-1.49422,-65.899
-5.546252,-1.39422,-65.899
-5.496803,-1.19422,-65.899
-5.391464,-0.9942203,-65.899
-5.265041,-0.8413794,-65.899
-5.165041,-0.7430966,-65.899
-4.865041,-0.5114821,-65.899
-4.665041,-0.3935873,-65.899
-4.565041,-0.3125747,-65.899
-4.465041,-0.2735952,-65.899
-4.365041,-0.196119,-65.899
-4.265041,-0.158036,-65.899
-4.166062,-0.09422024,-65.899
-3.965041,0.006347947,-65.899
-3.765041,0.1571131,-65.899
-3.365041,0.5597533,-65.899
-3.065042,0.800929,-65.899
-2.865042, 0.9752242000000001,-65.899
-2.765042, 1.0353249999999998,-65.899
-2.565042,1.08531,-65.899
-2.465042,1.127393,-65.899
-2.265042,1.126234,-65.899
-2.065042,1.060298,-65.899
-1.865042,0.9464231,-65.899
-1.710319, 0.8057797000000001,-65.899
-1.540934,0.6057797,-65.899
-1.307999,0.2057798,-65.899
-1.160906,0.005779764,-65.899
-1.107788,-0.09422024,-65.899
-0.9650414,-0.2662597,-65.899
-0.7650414,-0.4460244,-65.899
-0.6650414,-0.5200923,-65.899
-0.4650414,-0.6379703,-65.899
-0.2650415,-0.7249268,-65.899
-0.06504146,-0.801829,-65.899
0.1349585,-0.8365279,-65.899
0.43495860000000003,-0.8375536,-65.899
0.7349586,-0.8103387,-65.899
1.034959,-0.7439677,-65.899
1.1349589999999998,-0.711428,-65.899
1.334959,-0.6092202,-65.899
1.534959,-0.4879703,-65.899
1.734958,-0.3770124,-65.899
1.8349579999999999,-0.3523542,-65.899
2.034958,-0.3809549,-65.899
2.234958,-0.4635241,-65.899
2.417459,-0.5942203,-65.899
2.52694,-0.6942203,-65.899
2.6681619999999997,-0.8942203,-65.899
2.758887,-1.19422,-65.899
2.775739,-1.39422,-65.899
2.778887,-1.69422,-65.899
2.790553,-1.89422,-65.899
2.784958,-2.19422,-65.899
2.760576,-2.59422,-65.899
2.669849,-3.09422,-65.899
2.5795529999999998,-3.29422,-65.899
2.4714970000000003,-3.49422,-65.899
2.328708,-3.69422,-65.899
2.271589,-3.79422,-65.899
1.7907920000000002,-4.29422,-65.899
1.734958,-4.364012,-65.899
1.534959,-4.487286,-65.899
1.334959,-4.629826,-65.899
1.234959,-4.684009,-65.899
1.034959,-4.824165,-65.899
0.6349586,-5.046081,-65.899
0.3349585,-5.233749,-65.899
0.1349585,-5.341935,-65.899
0.034958539999999996,-5.380369,-65.899
-0.1657359,-5.49422,-65.899
-0.4650414,-5.61626,-65.899
-0.6650414,-5.662178,-65.899
-0.8650414,-5.720357,-65.899
-1.265041,-5.787339,-65.899
-1.365041,-5.794637,-65.899
-2.565042,-5.794644,-65.899
-0.1650415,-0.7397331,-65.599
0.1349585,-0.7821513,-65.599
0.43495860000000003,-0.7797907,-65.599
0.7349586,-0.7320251,-65.599
1.034959,-0.6187765,-65.599
1.1349589999999998,-0.5527367,-65.599
1.534959,-0.3535637,-65.599
1.634958,-0.3233869,-65.599
1.734958,-0.2729239,-65.599
1.8349579999999999,-0.2495342,-65.599
2.034958,-0.2413557,-65.599
2.234958,-0.2630774,-65.599
2.534958,-0.3697677,-65.599
2.69585,-0.4942203,-65.599
2.794133,-0.5942203,-65.599
2.870429,-0.6942203,-65.599
2.971358,-0.8942203,-65.599
2.995186,-0.9942203,-65.599
3.041893,-1.29422,-65.599
3.057686,-1.89422,-65.599
3.0337959999999997,-2.19422,-65.599
2.959646,-2.69422,-65.599
2.916169,-2.79422,-65.599
2.873177,-2.99422,-65.599
2.785243,-3.19422,-65.599
2.675461,-3.39422,-65.599
2.455151,-3.69422,-65.599
2.3729590000000003,-3.79422,-65.599
2.1821650000000004,-3.99422,-65.599
1.934958,-4.23584,-65.599
1.734958,-4.418327,-65.599
1.534959,-4.525301,-65.599
1.4349589999999999,-4.596143,-65.599
1.234959,-4.717413,-65.599
1.1349589999999998,-4.757028,-65.599
1.034959,-4.819659,-65.599
0.8349586,-4.90865,-65.599
0.43495860000000003,-5.065449,-65.599
0.3349585,-5.121363,-65.599
0.1349585,-5.177013,-65.599
0.034958539999999996,-5.231858,-65.599
-0.06504146,-5.260609,-65.599
-0.1650415,-5.314533,-65.599
-0.4650414,-5.370158,-65.599
-0.6650414,-5.414153,-65.599
-0.8650414,-5.436191,-65.599
-1.065041,-5.446582,-65.599
-1.265041,-5.439716,-65.599
-1.565041,-5.399334,-65.599
-1.965042,-5.390432,-65.599
-2.065042,-5.365772,-65.599
-2.265042,-5.295082,-65.599
-2.467819,-5.29422,-65.599
-2.665042,-5.195068,-65.599
-2.766261,-5.19422,-65.599
-2.865042,-5.09544,-65.599
-2.966323,-5.09422,-65.599
-3.065042,-4.995502,-65.599
-3.165042,-4.994736,-65.599
-3.265041,-4.895241,-65.599
-3.365041,-4.87222,-65.599
-3.466512,-4.79422,-65.599
-3.565041,-4.695691,-65.599
-3.665041,-4.694711,-65.599
-3.765041,-4.595014,-65.599
-3.865041,-4.534464,-65.599
-3.965903,-4.49422,-65.599
-4.065041,-4.395082,-65.599
-4.265041,-4.293474,-65.599
-4.565041,-4.015305,-65.599
-4.665041,-3.900691,-65.599
-4.740041,-3.79422,-65.599
-5.017963,-3.49422,-65.599
-5.165041,-3.349943,-65.599
-5.280042,-3.19422,-65.599
-5.471291,-2.89422,-65.599
-5.537485,-2.69422,-65.599
-5.580605,-2.59422,-65.599
-5.610085,-2.39422,-65.599
-5.611694,-2.09422,-65.599
-5.597581,-1.89422,-65.599
-5.56237,-1.69422,-65.599
-5.514284,-1.59422,-65.599
-5.395236,-1.39422,-65.599
-5.265041,-1.24593,-65.599
-5.065041,-1.063338,-65.599
-4.865041,-0.9233019,-65.599
-4.665041,-0.7992202,-65.599
-4.365041,-0.6362934,-65.599
-4.265041,-0.5936455,-65.599
-4.165041,-0.5298452,-65.599
-4.065041,-0.493625,-65.599
-3.965041,-0.4260384,-65.599
-3.865041,-0.3922466,-65.599
-3.765041,-0.3093518,-65.599
-3.665041,-0.2601925,-65.599
-3.565041,-0.1853493,-65.599
-3.492606,-0.09422024,-65.599
-3.440275,0.005779764,-65.599
-3.323265,0.3057798,-65.599
-3.292223, 0.40577969999999997,-65.599
-3.240659, 0.5057796999999999,-65.599
-3.071292, 0.9057797000000001,-65.599
-2.965042,1.073925,-65.599
-2.865042,1.175638,-65.599
-2.765042, 1.2517530000000001,-65.599
-2.565042, 1.3363720000000001,-65.599
-2.365042,1.359601,-65.599
-2.165042,1.329636,-65.599
-1.965042,1.218839,-65.599
-1.865042,1.120128,-65.599
-1.705312, 0.9057797000000001,-65.599
-1.620683, 0.8057797000000001,-65.599
-1.465041,0.5427363,-65.599
-1.365041, 0.39417979999999997,-65.599
-1.265041,0.2175684,-65.599
-1.165041,0.0861131,-65.599
-0.9650414,-0.1547624,-65.599
-0.7192839,-0.3942202,-65.599
-0.5650414,-0.517873,-65.599
-0.4510775,-0.5942203,-65.599
-0.1650415,-0.7397331,-65.599
-3.145521,-0.1151394,-65.299
-3.145521,0.8429779,-65.299
-3.134127, 0.9732141000000001,-65.299
-3.100291,1.099493,-65.299
-3.04504,1.217978,-65.299
-2.970055,1.325069,-65.299
-2.877612,1.417511,-65.299
-2.770521,1.492497,-65.299
-2.652036,1.547747,-65.299
-2.525757, 1.5815839999999999,-65.299
-2.395521,1.592978,-65.299
-2.265285, 1.5815839999999999,-65.299
-2.139006,1.547747,-65.299
-2.020521,1.492497,-65.299
-1.913431,1.417511,-65.299
-1.820988,1.325069,-65.299
-1.746002,1.217978,-65.299
-1.598266, 0.8751452000000001,-65.299
-1.518801, 0.7635753000000001,-65.299
-1.452768,0.5948462,-65.299
-1.319606,0.4188753,-65.299
-1.245134,0.2663912,-65.299
-1.132011,0.1371538,-65.299
-1.092616,0.07046149,-65.299
-0.9563861,-0.05481442,-65.299
-0.8792485,-0.1467434,-65.299
-0.8063617,-0.205116,-65.299
-0.7360027,-0.29302,-65.299
-0.5765472,-0.4349329,-65.299
-0.2464029,-0.6769985,-65.299
-0.1773081,-0.7161448,-65.299
-0.03642941,-0.7439497,-65.299
0.43827489999999997,-0.7439497,-65.299
0.561239,-0.6918082,-65.299
0.6786892,-0.660042,-65.299
0.8208976,-0.5944362,-65.299
0.8850096000000001,-0.579037,-65.299
1.036718,-0.4576404,-65.299
1.26132,-0.3362694,-65.299
1.5451890000000001,-0.2233026,-65.299
1.662303,-0.2015426,-65.299
1.8894760000000002,-0.1203588,-65.299
2.018223,-0.0976571,-65.299
2.343248,-0.09480312,-65.299
2.557076,-0.1259306,-65.299
2.678659,-0.1739827,-65.299
2.838346,-0.2628964,-65.299
2.9384930000000002,-0.3469304,-65.299
3.080068,-0.4925417,-65.299
3.185266,-0.6576687,-65.299
3.242762,-0.783032,-65.299
3.276598,-0.9093109,-65.299
3.2843609999999996,-1.10861,-65.299
3.3090560000000004,-1.201427,-65.299
3.32045,-1.85098,-65.299
3.3090560000000004,-2.013674,-65.299
3.287992,-2.11958,-65.299
3.283075,-2.261302,-65.299
3.229979,-2.499497,-65.299
3.177847,-2.691727,-65.299
3.114534,-2.822559,-65.299
3.10015,-2.888985,-65.299
2.97031,-3.181821,-65.299
2.860241,-3.352254,-65.299
2.723038,-3.533992,-65.299
2.549005,-3.744518,-65.299
2.368105,-3.913946,-65.299
2.20865,-4.080837,-65.299
2.104355,-4.156712,-65.299
1.9655770000000001,-4.288534,-65.299
1.767254,-4.445241,-65.299
1.438346,-4.616809,-65.299
1.285527,-4.710587,-65.299
1.074269,-4.795305,-65.299
0.9248697,-4.841262,-65.299
0.8146106,-4.892677,-65.299
0.4759042,-4.968529,-65.299
0.3627218,-5.009724,-65.299
0.2339743,-5.032426,-65.299
0.1234456,-5.032785,-65.299
0.003177395,-5.087421,-65.299
-0.1368819,-5.133982,-65.299
-0.3507097,-5.165109,-65.299
-0.9024842,-5.165109,-65.299
-1.03272,-5.153715,-65.299
-1.301942,-5.094164,-65.299
-1.45712,-5.037928,-65.299
-1.875574,-4.944809,-65.299
-2.019726,-4.887797,-65.299
-2.200148,-4.847438,-65.299
-2.395784,-4.76377,-65.299
-2.616736,-4.626575,-65.299
-2.827853,-4.534352,-65.299
-2.944152,-4.503189,-65.299
-3.221356,-4.370074,-65.299
-3.539765,-4.185583,-65.299
-3.594469,-4.139832,-65.299
-3.723128,-4.113701,-65.299
-3.905378,-4.013311,-65.299
-4.015244,-3.983872,-65.299
-4.133729,-3.928622,-65.299
-4.36093,-3.798792,-65.299
-4.602582,-3.612445,-65.299
-4.72768,-3.529063,-65.299
-4.872752,-3.404688,-65.299
-5.010077,-3.34439,-65.299
-5.117168,-3.269404,-65.299
-5.250307,-3.117796,-65.299
-5.404354,-2.982218,-65.299
-5.47934,-2.875127,-65.299
-5.53459,-2.756642,-65.299
-5.586723,-2.596869,-65.299
-5.609424,-2.468122,-65.299
-5.612278,-2.110639,-65.299
-5.600884,-1.980403,-65.299
-5.567048,-1.854124,-65.299
-5.511797,-1.735639,-65.299
-5.436811,-1.628548,-65.299
-5.344369,-1.536106,-65.299
-5.237278,-1.46112,-65.299
-5.093925,-1.396714,-65.299
-4.873115,-1.277532,-65.299
-4.376326,-1.064171,-65.299
-3.995156,-0.8720652,-65.299
-3.901327,-0.8403239,-65.299
-3.568701,-0.6652069,-65.299
-3.459012,-0.5669907,-65.299
-3.285839,-0.4665061,-65.299
-3.227916,-0.3766232,-65.299
-3.145521,-0.1151394,-65.299
-5.065041,-3.26293,-64.999
-5.294064,-2.99422,-64.999
-5.395369,-2.79422,-64.999
-5.455467,-2.49422,-64.999
-5.461633,-2.39422,-64.999
-5.423949,-2.09422,-64.999
-5.40177,-1.99422,-64.999
-5.29202,-1.79422,-64.999
-5.165041,-1.675017,-64.999
-4.965041,-1.562077,-64.999
-4.865041,-1.523497,-64.999
-4.765041,-1.462521,-64.999
-4.665041,-1.424865,-64.999
-4.565041,-1.363965,-64.999
-4.365041,-1.285292,-64.999
-4.165041,-1.217068,-64.999
-4.065041,-1.168179,-64.999
-3.865041,-1.108968,-64.999
-3.676088,-0.9942203,-64.999
-3.565041,-0.9086939,-64.999
-3.265041,-0.6303689,-64.999
-3.156768,-0.4942203,-64.999
-3.023507,-0.1942202,-64.999
-2.980042,0.005779764,-64.999
-2.946252, 0.10577980000000001,-64.999
-2.894971, 0.40577969999999997,-64.999
-2.837165,0.6057797,-64.999
-2.765042,0.8072503,-64.999
-2.665042, 0.9995297000000001,-64.999
-2.565042,1.078148,-64.999
-2.365042, 1.1519920000000001,-64.999
-2.265042,1.154481,-64.999
-2.065042,1.10629,-64.999
-1.965042,1.060908,-64.999
-1.765042,0.9316922,-64.999
-1.565041, 0.7607486999999999,-64.999
-1.346252, 0.5057796999999999,-64.999
-1.265041,0.3982995,-64.999
-0.9949865,0.005779764,-64.999
-0.8427854,-0.1942202,-64.999
-0.7014304,-0.3942202,-64.999
-0.4650414,-0.6276522,-64.999
-0.1650415,-0.8327407,-64.999
0.034958539999999996,-0.9086497,-64.999
0.1349585,-0.9351294,-64.999
0.43495860000000003,-0.9758869,-64.999
0.7349586,-0.9430664,-64.999
1.034959,-0.8854573,-64.999
1.334959,-0.7476924,-64.999
1.633677,-0.5942203,-64.999
1.8349579999999999,-0.4989078,-64.999
2.034958,-0.424131,-64.999
2.334958,-0.365803,-64.999
2.534958,-0.3736121,-64.999
2.834958,-0.4682587,-64.999
3.015359,-0.5942203,-64.999
3.135349,-0.6942203,-64.999
3.2750999999999997,-0.8942203,-64.999
3.3537480000000004,-1.09422,-64.999
3.382412,-1.19422,-64.999
3.4188400000000003,-1.49422,-64.999
3.430823,-1.79422,-64.999
3.4234999999999998,-1.89422,-64.999
3.3664099999999997,-2.29422,-64.999
3.3241199999999997,-2.39422,-64.999
3.234959,-2.674071,-64.999
3.017751,-3.19422,-64.999
2.7972580000000002,-3.49422,-64.999
2.634958,-3.684009,-64.999
2.434568,-3.89422,-64.999
2.270633,-4.09422,-64.999
2.134958,-4.221735,-64.999
2.0377359999999998,-4.29422,-64.999
1.9345580000000002,-4.39422,-64.999
1.634958,-4.618923,-64.999
1.4349589999999999,-4.743478,-64.999
1.234959,-4.843492,-64.999
1.1349589999999998,-4.874916,-64.999
1.034959,-4.92676,-64.999
0.9349586000000001,-4.958356,-64.999
0.8349586,-5.015517,-64.999
0.5349586000000001,-5.13579,-64.999
0.43495860000000003,-5.165606,-64.999
0.3349585,-5.223102,-64.999
0.1349585,-5.269057,-64.999
0.034958539999999996,-5.311541,-64.999
-0.1650415,-5.347813,-64.999
-0.3650415,-5.355558,-64.999
-0.8650414,-5.348482,-64.999
-1.065041,-5.329695,-64.999
-1.465041,-5.225145,-64.999
-1.565041,-5.171027,-64.999
-1.765042,-5.129061,-64.999
-2.065042,-5.032536,-64.999
-2.465042,-4.843485,-64.999
-2.765042,-4.658356,-64.999
-2.865042,-4.622991,-64.999
-3.071232,-4.49422,-64.999
-3.2621,-4.39422,-64.999
-3.565041,-4.191549,-64.999
-3.765041,-4.101155,-64.999
-3.978104,-3.99422,-64.999
-4.265041,-3.83172,-64.999
-4.565041,-3.63015,-64.999
-5.065041,-3.26293,-64.999
-2.018934,-5.211202,-64.699
-2.572882,-4.904005,-64.699
-2.738583,-4.786968,-64.699
-2.972152,-4.660464,-64.699
-3.089162,-4.549539,-64.699
-3.332014,-4.40541,-64.699
-3.460528,-4.280933,-64.699
-3.555282,-4.22956,-64.699
-3.647735,-4.156191,-64.699
-3.87407,-4.058451,-64.699
-4.108158,-3.913946,-64.699
-4.51369,-3.640231,-64.699
-4.643314,-3.568893,-64.699
-4.7537,-3.471922,-64.699
-4.857509,-3.399233,-64.699
-5.068035,-3.192743,-64.699
-5.187224,-3.037413,-64.699
-5.242474,-2.918929,-64.699
-5.308768,-2.66282,-64.699
-5.320162,-2.435212,-64.699
-5.308768,-2.304976,-64.699
-5.274932,-2.178697,-64.699
-5.219681,-2.060212,-64.699
-5.144696,-1.953121,-64.699
-5.052253,-1.860679,-64.699
-4.945162,-1.785693,-64.699
-4.658437,-1.662904,-64.699
-4.555674,-1.590949,-64.699
-4.437189,-1.535699,-64.699
-4.167832,-1.447947,-64.699
-3.708097,-1.326964,-64.699
-3.569665,-1.250403,-64.699
-3.469178,-1.151892,-64.699
-3.275123,-0.8654438,-64.699
-3.142596,-0.7292575,-64.699
-3.012583,-0.5022604,-64.699
-2.623095, 0.37408739999999996,-64.699
-2.515652,0.5460927,-64.699
-2.423209, 0.6385354000000001,-64.699
-2.316119,0.7135211,-64.699
-2.197634, 0.7687714999999999,-64.699
-2.071355,0.8026078,-64.699
-1.908661,0.814002,-64.699
-1.714547,0.7884464,-64.699
-1.533661,0.7135211,-64.699
-1.426571, 0.6385354000000001,-64.699
-1.273818,0.478346,-64.699
-1.132011,0.2994404,-64.699
-0.9994837,0.08197144,-64.699
-0.9457464,-0.04748455,-64.699
-0.8666648,-0.1822867,-64.699
-0.832484,-0.2976274,-64.699
-0.7182875,-0.4678088,-64.699
-0.5993555,-0.5741316,-64.699
-0.4844817,-0.7197627,-64.699
-0.3519591,-0.8218052,-64.699
-0.2601131,-0.9135282,-64.699
0.14801999999999998,-1.161739,-64.699
0.39392269999999996,-1.23081,-64.699
1.092687,-1.23081,-64.699
1.320973,-1.184937,-64.699
1.5758969999999999,-1.079065,-64.699
1.718322,-0.9769576,-64.699
1.898113,-0.8824612,-64.699
2.033163,-0.779516,-64.699
2.202582,-0.6933,-64.699
2.324165,-0.6452478,-64.699
2.452244,-0.6190383,-64.699
2.75357,-0.6190383,-64.699
2.88165,-0.6452478,-64.699
3.068147,-0.7257573,-64.699
3.179538,-0.7941919,-64.699
3.3351219999999997,-0.9497764,-64.699
3.436014,-1.126082,-64.699
3.5165230000000003,-1.345037,-64.699
3.536257,-1.428628,-64.699
3.5476509999999997,-1.818523,-64.699
3.536257,-1.948759,-64.699
3.476706,-2.21798,-64.699
3.403557,-2.413592,-64.699
3.297564,-2.625577,-64.699
3.256865,-2.746412,-64.699
3.176556,-2.932445,-64.699
3.109647,-3.131217,-64.699
2.943248,-3.372072,-64.699
2.825,-3.495819,-64.699
2.711292,-3.647146,-64.699
2.557993,-3.800445,-64.699
2.405128,-3.984958,-64.699
2.330928,-4.112705,-64.699
2.244627,-4.210906,-64.699
2.099555,-4.323798,-64.699
1.981449,-4.437868,-64.699
1.7023389999999998,-4.672443,-64.699
1.523112,-4.813792,-64.699
1.216468,-4.972079,-64.699
1.0348140000000001,-5.029128,-64.699
0.7452299,-5.224669,-64.699
0.6178880999999999,-5.270175,-64.699
0.3881993,-5.419413,-64.699
0.20043519999999998,-5.496584,-64.699
-0.04595091,-5.546484,-64.699
-0.1559657,-5.554597,-64.699
-0.6428257,-5.554597,-64.699
-0.8379765,-5.543203,-64.699
-1.334399,-5.451195,-64.699
-1.495942,-5.394024,-64.699
-1.672133,-5.301591,-64.699
-2.018934,-5.211202,-64.699
-3.527184,-1.655609,-64.399
-3.831678,-1.718372,-64.399
-4.116166,-1.761521,-64.399
-4.469647,-1.860272,-64.399
-4.588132,-1.915522,-64.399
-4.757305,-2.02757,-64.399
-4.982409,-2.245237,-64.399
-5.057395,-2.352328,-64.399
-5.145102,-2.535728,-64.399
-5.178939,-2.662007,-64.399
-5.190333,-3.019444,-64.399
-5.178939,-3.14968,-64.399
-5.145102,-3.275959,-64.399
-5.089852,-3.394444,-64.399
-5.014866,-3.501535,-64.399
-4.922424,-3.593977,-64.399
-4.80384,-3.68414,-64.399
-4.695222,-3.788721,-64.399
-4.588132,-3.863707,-64.399
-4.094139,-4.079752,-64.399
-3.898528,-4.152902,-64.399
-3.682856,-4.216707,-64.399
-3.594552,-4.27493,-64.399
-3.404952,-4.589212,-64.399
-3.246652,-4.734892,-64.399
-3.164799,-4.832285,-64.399
-3.037067,-4.95258,-64.399
-2.860761,-5.053472,-64.399
-2.702946,-5.119388,-64.399
-2.601102,-5.183302,-64.399
-2.334291,-5.3121,-64.399
-1.872921,-5.481128,-64.399
-1.695861,-5.603453,-64.399
-1.566745,-5.653789,-64.399
-1.158999,-5.866397,-64.399
-1.03272,-5.900233,-64.399
-0.9024842,-5.911628,-64.399
-0.7073335,-5.900233,-64.399
-0.5810545,-5.866397,-64.399
-0.4625696,-5.811147,-64.399
-0.3202393,-5.697434,-64.399
-0.05559438,-5.608344,-64.399
0.3408637,-5.516109,-64.399
0.5364751,-5.44296,-64.399
0.8386207000000001,-5.279604,-64.399
0.9655528,-5.226915,-64.399
1.118107,-5.126845,-64.399
1.3323019999999999,-4.957185,-64.399
1.6279379999999999,-4.665308,-64.399
1.7593889999999999,-4.497993,-64.399
1.84669,-4.312968,-64.399
1.9518879999999998,-4.147841,-64.399
2.088401,-3.817504,-64.399
2.114478,-3.690073,-64.399
2.2462489999999997,-3.491816,-64.399
2.301499,-3.373331,-64.399
2.40025,-3.052308,-64.399
2.411645,-2.922072,-64.399
2.411645,-2.662413,-64.399
2.40025,-2.402348,-64.399
2.333957,-2.14624,-64.399
2.278706,-2.027755,-64.399
2.20398,-1.921035,-64.399
2.134201,-1.793667,-64.399
2.047463,-1.695852,-64.399
1.906815,-1.590949,-64.399
1.6260439999999998,-1.470784,-64.399
1.337478,-1.40449,-64.399
0.8953115,-1.368752,-64.399
0.6519377000000001,-1.360639,-64.399
0.3633515,-1.328182,-64.399
0.155811,-1.328182,-64.399
-0.06671481,-1.295724,-64.399
-0.2731522,-1.238922,-64.399
-0.4237454,-1.23081,-64.399
-0.5518325,-1.188114,-64.399
-0.761818,-1.082788,-64.399
-0.8858685,-1.034231,-64.399
-1.06602,-0.8542625,-64.399
-1.174735,-0.7680918,-64.399
-1.268974,-0.6513086,-64.399
-1.359089,-0.5678468,-64.399
-1.518801,-0.3075165,-64.399
-1.593787,-0.2004258,-64.399
-1.783601,-0.01061118,-64.399
-1.948728,0.09458633,-64.399
-2.071578,0.1392999,-64.399
-2.265692,0.1648555,-64.399
-2.428386,0.1534613,-64.399
-2.554664, 0.11962500000000001,-64.399
-2.728332,0.02921953,-64.399
-2.90514,-0.1355111,-64.399
-2.980126,-0.2426018,-64.399
-3.035376,-0.3610867,-64.399
-3.10167,-0.5847377,-64.399
-3.110045,-0.6804669,-64.399
-3.163714,-0.7690516,-64.399
-3.27668,-1.020463,-64.399
-3.303935,-1.133422,-64.399
-3.402071,-1.281236,-64.399
-3.457322,-1.399721,-64.399
-3.527184,-1.655609,-64.399
-3.62675,-1.59422,-64.099
-3.441389,-0.9942203,-64.099
-3.396637,-0.7942203,-64.099
-3.338743,-0.6942203,-64.099
-3.306865,-0.5942203,-64.099
-3.205704,-0.3942202,-64.099
-3.125221,-0.2942202,-64.099
-2.965042,-0.1575536,-64.099
-2.8496,-0.09422024,-64.099
-2.665042,-0.03297023,-64.099
-2.465042,0.002370674,-64.099
-2.165042,-0.04451785,-64.099
-2.065042,-0.08322733,-64.099
-1.965042,-0.1473452,-64.099
-1.779643,-0.2942202,-64.099
-1.450489,-0.5942203,-64.099
-1.165041,-0.8150277,-64.099
-0.8650414,-1.010339,-64.099
-0.6650414,-1.071493,-64.099
-0.5650414,-1.124165,-64.099
-0.3650415,-1.165449,-64.099
-0.1650415,-1.225301,-64.099
0.1349585,-1.261681,-64.099
0.43495860000000003,-1.334079,-64.099
0.6349586,-1.362039,-64.099
0.8349586,-1.426401,-64.099
1.034959,-1.454935,-64.099
1.334959,-1.551088,-64.099
1.534959,-1.649028,-64.099
1.734958,-1.774929,-64.099
1.8639759999999999,-1.89422,-64.099
1.951208,-1.99422,-64.099
2.07681,-2.19422,-64.099
2.162625,-2.39422,-64.099
2.212566,-2.69422,-64.099
2.259958,-2.89422,-64.099
2.255271,-3.09422,-64.099
2.2104019999999998,-3.29422,-64.099
2.179634,-3.49422,-64.099
2.097766,-3.69422,-64.099
2.052166,-3.89422,-64.099
1.9787659999999998,-4.09422,-64.099
1.774817,-4.49422,-64.099
1.636121,-4.69422,-64.099
1.470433,-4.89422,-64.099
1.234959,-5.123989,-64.099
0.9349586000000001,-5.331981,-64.099
0.8349586,-5.361681,-64.099
0.7349586,-5.430374,-64.099
0.6349586,-5.463892,-64.099
0.5349586000000001,-5.533362,-64.099
0.43495860000000003,-5.557339,-64.099
0.2349585,-5.636708,-64.099
0.034958539999999996,-5.668348,-64.099
-0.06504146,-5.713524,-64.099
-0.2650415,-5.760283,-64.099
-0.4650414,-5.833794,-64.099
-0.7650414,-5.87543,-64.099
-0.8650414,-5.926038,-64.099
-1.065041,-5.956113,-64.099
-1.265041,-5.945235,-64.099
-1.365041,-5.928188,-64.099
-1.565041,-5.843327,-64.099
-1.765042,-5.730556,-64.099
-2.065042,-5.471964,-64.099
-2.165042,-5.412489,-64.099
-2.465042,-5.191549,-64.099
-2.565042,-5.125962,-64.099
-2.819493,-4.89422,-64.099
-2.919297,-4.79422,-64.099
-3.079724,-4.59422,-64.099
-3.204472,-4.39422,-64.099
-3.373715,-4.09422,-64.099
-3.565041,-3.87188,-64.099
-3.665756,-3.79422,-64.099
-4.265756,-3.19422,-64.099
-4.281708,-3.09422,-64.099
-4.365041,-3.010887,-64.099
-4.365041,-2.591279,-64.099
-4.267982,-2.49422,-64.099
-4.265823,-2.39422,-64.099
-4.166512,-2.29422,-64.099
-4.041271,-2.09422,-64.099
-3.965041,-2.026829,-64.099
-3.62675,-1.59422,-64.099
-1.692371,-0.5850541,-63.799
-1.965339,-0.3927257,-63.799
-2.182808,-0.2601987,-63.799
-2.352227,-0.1739827,-63.799
-2.473809,-0.1259306,-63.799
-2.601889,-0.09972111,-63.799
-2.882833,-0.0976571,-63.799
-3.073982,-0.1400337,-63.799
-3.192467,-0.1952841,-63.799
-3.347797,-0.314473,-63.799
-3.464288,-0.4470781,-63.799
-3.554693,-0.6207453,-63.799
-3.58853,-0.7470243,-63.799
-3.627463,-1.018713,-63.799
-3.632381,-1.18244,-63.799
-3.67174,-1.332293,-63.799
-3.697296,-1.526407,-63.799
-3.694442,-2.176006,-63.799
-3.67174,-2.304753,-63.799
-3.619833,-2.440062,-63.799
-3.58536,-2.614757,-63.799
-3.51091,-2.822747,-63.799
-3.464064,-2.996956,-63.799
-3.399284,-3.171391,-63.799
-3.366692,-3.321529,-63.799
-3.269996,-3.596066,-63.799
-3.148715,-3.806797,-63.799
-3.017406,-4.164676,-63.799
-2.96919,-4.25278,-63.799
-2.871598,-4.490861,-63.799
-2.698009,-4.804687,-63.799
-2.575962,-4.99174,-63.799
-2.503906,-5.075269,-63.799
-2.36449,-5.20792,-63.799
-2.242558,-5.369074,-63.799
-1.887217,-5.821787,-63.799
-1.754612,-5.938278,-63.799
-1.641393,-6.003645,-63.799
-1.454666,-6.06252,-63.799
-1.32443,-6.073914,-63.799
-1.161736,-6.06252,-63.799
-1.035457,-6.028684,-63.799
-0.9169722,-5.973433,-63.799
-0.8098815,-5.898447,-63.799
-0.7648719,-5.846713,-63.799
-0.2528856,-5.843859,-63.799
-0.1241381,-5.821157,-63.799
0.08882692,-5.746627,-63.799
0.2526061,-5.718214,-63.799
0.38142719999999997,-5.666542,-63.799
0.4900373,-5.639196,-63.799
0.633847,-5.572789,-63.799
0.7497204,-5.50038,-63.799
0.9330955,-5.421659,-63.799
1.030467,-5.356744,-63.799
1.299845,-5.151929,-63.799
1.412999,-5.042811,-63.799
1.52949,-4.910206,-63.799
1.5977130000000002,-4.789139,-63.799
1.7269320000000001,-4.627822,-63.799
1.7896059999999998,-4.481631,-63.799
1.8567609999999999,-4.368164,-63.799
1.940796,-4.164209,-63.799
2.009383,-4.022478,-63.799
2.050606,-3.811778,-63.799
2.108134,-3.63654,-63.799
2.119529,-3.506304,-63.799
2.116675,-3.018992,-63.799
2.0742979999999998,-2.827844,-63.799
2.009969,-2.690645,-63.799
1.9444690000000002,-2.470813,-63.799
1.889218,-2.352328,-63.799
1.789149,-2.199774,-63.799
1.575285,-1.937339,-63.799
1.4268420000000002,-1.800369,-63.799
1.225211,-1.655864,-63.799
1.0557919999999998,-1.569648,-63.799
0.9202992999999999,-1.518749,-63.799
0.6198666,-1.373412,-63.799
0.3935712,-1.306887,-63.799
0.2397027,-1.235588,-63.799
0.1123869,-1.20589,-63.799
-0.1596612,-1.17098,-63.799
-0.4043275,-1.09738,-63.799
-0.5266397,-1.073726,-63.799
-0.6434553,-1.029164,-63.799
-0.8255245,-0.9856636,-63.799
-1.052219,-0.90513,-63.799
-1.692371,-0.5850541,-63.799
-2.765042,-0.8935353,-63.499
-2.865766,-0.9942203,-63.499
-2.868613,-1.09422,-63.499
-2.965042,-1.190649,-63.499
-2.966827,-1.29422,-63.499
-3.065042,-1.392435,-63.499
-3.070597,-1.59422,-63.499
-3.165042,-1.688665,-63.499
-3.166041,-1.89422,-63.499
-3.240041,-2.09422,-63.499
-3.249962,-2.19422,-63.499
-3.234388,-2.293122,-63.499
-3.15435,-2.373159,-63.499
-2.97953,-2.5997,-63.499
-2.866651,-2.791193,-63.499
-2.740964,-2.923621,-63.499
-2.704256,-2.987201,-63.499
-2.59664,-3.090734,-63.499
-2.507,-3.218754,-63.499
-2.479638,-3.29549,-63.499
-2.312256,-3.543327,-63.499
-2.275507,-3.671645,-63.499
-2.156732,-3.864884,-63.499
-2.098781,-3.982922,-63.499
-2.032267,-4.071008,-63.499
-1.918527,-4.331676,-63.499
-1.858346,-4.515686,-63.499
-1.778609,-4.612054,-63.499
-1.745458,-4.683145,-63.499
-1.69073,-4.873611,-63.499
-1.630652,-4.971449,-63.499
-1.581536,-5.109468,-63.499
-1.506452,-5.27236,-63.499
-1.465985,-5.39422,-63.499
-1.365041,-5.40422,-63.499
-1.275041,-5.49422,-63.499
-0.9650414,-5.494683,-63.499
-0.7650414,-5.475034,-63.499
-0.5650414,-5.481199,-63.499
-0.3650415,-5.471102,-63.499
-0.06504146,-5.394758,-63.499
0.034958539999999996,-5.394633,-63.499
0.1349585,-5.368699,-63.499
0.43495860000000003,-5.255887,-63.499
0.6349586,-5.149453,-63.499
0.9349586000000001,-4.976319,-63.499
1.234959,-4.74361,-63.499
1.334959,-4.64422,-63.499
1.5523310000000001,-4.39422,-63.499
1.615853,-4.29422,-63.499
1.772787,-4.09422,-63.499
1.8844059999999998,-3.89422,-63.499
1.9711120000000002,-3.69422,-63.499
2.030108,-3.39422,-63.499
2.0383679999999997,-3.29422,-63.499
2.032287,-3.09422,-63.499
1.961259,-2.79422,-63.499
1.8547699999999998,-2.59422,-63.499
1.78314,-2.49422,-63.499
1.634958,-2.334001,-63.499
1.4349589999999999,-2.176882,-63.499
1.1349589999999998,-2.028459,-63.499
0.9349586000000001,-1.961528,-63.499
0.8349586,-1.906887,-63.499
0.6349586,-1.866608,-63.499
0.5349586000000001,-1.812769,-63.499
0.3349585,-1.793387,-63.499
0.1349585,-1.693793,-63.499
-0.06504146,-1.693401,-63.499
-0.1650415,-1.666669,-63.499
-0.2650415,-1.614012,-63.499
-0.4650414,-1.593373,-63.499
-0.5650414,-1.527894,-63.499
-0.7650414,-1.467027,-63.499
-0.863851,-1.39422,-63.499
-0.9650414,-1.379432,-63.499
-1.065041,-1.305404,-63.499
-1.165041,-1.282492,-63.499
-1.265041,-1.216781,-63.499
-1.365041,-1.193639,-63.499
-1.565041,-1.094915,-63.499
-1.765042,-1.089318,-63.499
-1.865042,-1.024708,-63.499
-1.961195,-0.9942203,-63.499
-2.165042,-0.9919475,-63.499
-2.265042,-0.8937572,-63.499
-2.765042,-0.8935353,-63.499
-2.652855,-1.940115,-63.199
-2.775718,-2.178697,-63.199
-2.81603,-2.349464,-63.199
-2.820948,-2.500127,-63.199
-2.809554,-2.760192,-63.199
-2.775718,-2.886471,-63.199
-2.694168,-3.090524,-63.199
-2.631917,-3.205485,-63.199
-2.557904,-3.29875,-63.199
-2.413675,-3.53116,-63.199
-2.226077,-3.762293,-63.199
-2.151727,-3.829458,-63.199
-1.984589,-4.036634,-63.199
-1.709148,-4.308039,-63.199
-1.590707,-4.397352,-63.199
-1.400357,-4.620866,-63.199
-1.29853,-4.705869,-63.199
-1.122084,-4.887666,-63.199
-1.010693,-4.9561,-63.199
-0.8019688,-5.054964,-63.199
-0.6756898,-5.0888,-63.199
-0.5454536,-5.100195,-63.199
-0.3827602,-5.0888,-63.199
-0.2272297,-5.034724,-63.199
-0.03776,-5.030362,-63.199
0.09031942,-5.004152,-63.199
0.2303787,-4.957592,-63.199
0.3488636,-4.902341,-63.199
0.6181329,-4.730059,-63.199
0.6987617,-4.696442,-63.199
1.1051009999999999,-4.437868,-63.199
1.223207,-4.323798,-63.199
1.368279,-4.210906,-63.199
1.4545569999999999,-4.123161,-63.199
1.6726569999999998,-3.939262,-63.199
1.756691,-3.839114,-63.199
1.886973,-3.596066,-63.199
1.9316859999999998,-3.473217,-63.199
1.9543880000000002,-3.344469,-63.199
1.9572420000000001,-3.181731,-63.199
1.9458480000000002,-3.051495,-63.199
1.912012,-2.925216,-63.199
1.8567609999999999,-2.806731,-63.199
1.781775,-2.69964,-63.199
1.656875,-2.57474,-63.199
1.549785,-2.499754,-63.199
1.4313,-2.444504,-63.199
1.305021,-2.410668,-63.199
1.0900560000000001,-2.374929,-63.199
0.9638305,-2.366816,-63.199
0.5789291999999999,-2.274362,-63.199
0.4094136,-2.269444,-63.199
0.233929,-2.215924,-63.199
0.07165078,-2.204529,-63.199
-0.06671475,-2.179881,-63.199
-0.2685372,-2.121722,-63.199
-0.5876024,-2.057909,-63.199
-0.7222282,-1.980437,-63.199
-0.9472043,-1.878576,-63.199
-1.046119,-1.816737,-63.199
-1.134455,-1.730849,-63.199
-1.241545,-1.655864,-63.199
-1.487346,-1.548481,-63.199
-1.616093,-1.52578,-63.199
-2.006486,-1.52578,-63.199
-2.135233,-1.548481,-63.199
-2.258082,-1.593195,-63.199
-2.371301,-1.658562,-63.199
-2.471449,-1.742595,-63.199
-2.652855,-1.940115,-63.199